Workbook

Sheet REHBER
B1: TCF ARTİSTİK CİMNASTİK — KAPSAMLI OFFLİNE PUAN SİSTEMİ v2
B2: D + E − ND = Final · Takım Sıralaması · Alet Finalleri · Çıkış Sırası
B4: 📌 | C4: GENEL KULLANIM
B5: 1. | C5: YARIŞMA BİLGİLERİ sekmesine gidin → yarışma adı, tarih ve şehri doldurun.
B6: 2. | C6: Kategori sekmelerinde (MİNİK A KIZLAR vb.) sporcu Ad/Soyad/Okul/Tür girin.
B7: 3. | C7: Her alet için D, E, ND (Tarafsız Kesinti) puanlarını girin:
C8: • Final = MAX(0 , D + E − ND) → otomatik hesaplanır (mavi sütun).
C9: • Sadece Final puanı girecekseniz: D=0, E=final_puan, ND=0 kullanın.
B10: 4. | C10: Durum sütununa: N = Normal | G = Gecersiz | D = Yarışmadı/DNS
C11: G veya D girilirse o alet Final puanı otomatik 0 yapılır.
B12: 5. | C12: TOPLAM ve SIRALAMA otomatik hesaplanır. Eşit puanlılar aynı sırayı alır.
B13: 6. | C13: Her aletin kendi sıralama sütunu da vardır (alet bazlı final seçimi için).
B15: 🏆 | C15: TAKIM SIRALAMASI sekmesi
B16: • | C16: Her kategoride takım adını A sütununa manuel girin.
B17: • | C17: Her aletin "En İyi 3" değeri, ilgili kategori sayfasından otomatik çekilir.
B18: • | C18: SUMPRODUCT formülü kullanılır. Excel 2019+'ta otomatik çalışır.
B19: • | C19: Eski Excel (2016) kullanıyorsanız formül hücrelerini Ctrl+Shift+Enter ile onaylayın.
B20: • | C20: Takım Kesintisi (ceza) sütununa manuel girin → Final takım puanı otomatik güncellenir.
B22: 🎯 | C22: ALET FİNALLERİ sekmesi
B23: • | C23: Eleme sonucuna göre her alette en iyi 8 sporcu finals için el ile girilir.
B24: • | C24: Final turu için ayrı D/E/ND puanları girilir → Final puanı yeniden hesaplanır.
B25: • | C25: Final sıralaması yalnızca bu tur puanına göre otomatik hesaplanır.
... B43: 👦 | C43: GENÇ ERKEKLER: Yer (FX) + Kulplu Beygir (PH) + Halka (SR) + Atlama (VT) + Paralel (PB) + Barfiks (HB)

Sheet YARIŞMA BİLGİLERİ
B1: YARIŞMA BİLGİLERİ
B3: Yarışma Adı | C3: Buraya yarışma adını yazın
B4: Tarih | C4: GG.AA.YYYY
B5: Şehir / İl
B6: Düzenleyen Kurum
B7: Hakem Başkanı

Sheet MİNİK A KIZLAR
A1: MİNİK A KIZLAR
A2: ='YARIŞMA BİLGİLERİ'!C3&" — "&'YARIŞMA BİLGİLERİ'!C4&" | "&'YARIŞMA BİLGİLERİ'!C5
F3: ATLAMA (VT) | K3: SERBEST (FX) | R3: ALET SIRALARI (Eleme Seçimi için)
A4: No | B4: Ad | C4: Soyad | D4: Okul / Kulüp | E4: Tür | F4: D | G4: E | H4: ND | I4: Final | J4: Dur | K4: D | L4: E | M4: ND | N4: Final | O4: Dur | P4: TOPLAM | Q4: SIRALAMA | R4: VT | S4: FX
A5: Final = MAX(0, D+E−ND) | Dur: N=Normal · G=Gecersiz · D=Yarışmadı/DNS | Mavi sütun = formül (elle girme) | Yeşil = Toplam | Sarı = Sıralama
A6: 1 | I6: =IF(OR(J6="G",J6="D"),0,IF(AND(F6="",G6=""),0,MAX(0,IFERROR(F6+0,0)+IFERROR(G6+0,0)-IFERROR(H6+0,0)))) | N6: =IF(OR(O6="G",O6="D"),0,IF(AND(K6="",L6=""),0,MAX(0,IFERROR(K6+0,0)+IFERROR(L6+0,0)-IFERROR(M6+0,0)))) | P6: =IF(B6="","",IF(OR(J6="G",J6="D"),0,I6)+IF(OR(O6="G",O6="D"),0,N6)) | Q6: =IF(OR(B6="",P6=0),"-",RANK.EQ(P6,$P$6:$P$45,0)) | R6: =IF(OR(B6="",I6=0),"-",IF(OR(J6="G",J6="D"),IF(J6="G","G","D"),COUNTIF($I$6:$I$45,">"&I6)+1)) | S6: =IF(OR(B6="",N6=0),"-",IF(OR(O6="G",O6="D"),IF(O6="G","G","D"),COUNTIF($N$6:$N$45,">"&N6)+1))
A7: 2 | I7: =IF(OR(J7="G",J7="D"),0,IF(AND(F7="",G7=""),0,MAX(0,IFERROR(F7+0,0)+IFERROR(G7+0,0)-IFERROR(H7+0,0)))) | N7: =IF(OR(O7="G",O7="D"),0,IF(AND(K7="",L7=""),0,MAX(0,IFERROR(K7+0,0)+IFERROR(L7+0,0)-IFERROR(M7+0,0)))) | P7: =IF(B7="","",IF(OR(J7="G",J7="D"),0,I7)+IF(OR(O7="G",O7="D"),0,N7)) | Q7: =IF(OR(B7="",P7=0),"-",RANK.EQ(P7,$P$6:$P$45,0)) | R7: =IF(OR(B7="",I7=0),"-",IF(OR(J7="G",J7="D"),IF(J7="G","G","D"),COUNTIF($I$6:$I$45,">"&I7)+1)) | S7: =IF(OR(B7="",N7=0),"-",IF(OR(O7="G",O7="D"),IF(O7="G","G","D"),COUNTIF($N$6:$N$45,">"&N7)+1))
A8: 3 | I8: =IF(OR(J8="G",J8="D"),0,IF(AND(F8="",G8=""),0,MAX(0,IFERROR(F8+0,0)+IFERROR(G8+0,0)-IFERROR(H8+0,0)))) | N8: =IF(OR(O8="G",O8="D"),0,IF(AND(K8="",L8=""),0,MAX(0,IFERROR(K8+0,0)+IFERROR(L8+0,0)-IFERROR(M8+0,0)))) | P8: =IF(B8="","",IF(OR(J8="G",J8="D"),0,I8)+IF(OR(O8="G",O8="D"),0,N8)) | Q8: =IF(OR(B8="",P8=0),"-",RANK.EQ(P8,$P$6:$P$45,0)) | R8: =IF(OR(B8="",I8=0),"-",IF(OR(J8="G",J8="D"),IF(J8="G","G","D"),COUNTIF($I$6:$I$45,">"&I8)+1)) | S8: =IF(OR(B8="",N8=0),"-",IF(OR(O8="G",O8="D"),IF(O8="G","G","D"),COUNTIF($N$6:$N$45,">"&N8)+1))
A9: 4 | I9: =IF(OR(J9="G",J9="D"),0,IF(AND(F9="",G9=""),0,MAX(0,IFERROR(F9+0,0)+IFERROR(G9+0,0)-IFERROR(H9+0,0)))) | N9: =IF(OR(O9="G",O9="D"),0,IF(AND(K9="",L9=""),0,MAX(0,IFERROR(K9+0,0)+IFERROR(L9+0,0)-IFERROR(M9+0,0)))) | P9: =IF(B9="","",IF(OR(J9="G",J9="D"),0,I9)+IF(OR(O9="G",O9="D"),0,N9)) | Q9: =IF(OR(B9="",P9=0),"-",RANK.EQ(P9,$P$6:$P$45,0)) | R9: =IF(OR(B9="",I9=0),"-",IF(OR(J9="G",J9="D"),IF(J9="G","G","D"),COUNTIF($I$6:$I$45,">"&I9)+1)) | S9: =IF(OR(B9="",N9=0),"-",IF(OR(O9="G",O9="D"),IF(O9="G","G","D"),COUNTIF($N$6:$N$45,">"&N9)+1))
A10: 5 | I10: =IF(OR(J10="G",J10="D"),0,IF(AND(F10="",G10=""),0,MAX(0,IFERROR(F10+0,0)+IFERROR(G10+0,0)-IFERROR(H10+0,0)))) | N10: =IF(OR(O10="G",O10="D"),0,IF(AND(K10="",L10=""),0,MAX(0,IFERROR(K10+0,0)+IFERROR(L10+0,0)-IFERROR(M10+0,0)))) | P10: =IF(B10="","",IF(OR(J10="G",J10="D"),0,I10)+IF(OR(O10="G",O10="D"),0,N10)) | Q10: =IF(OR(B10="",P10=0),"-",RANK.EQ(P10,$P$6:$P$45,0)) | R10: =IF(OR(B10="",I10=0),"-",IF(OR(J10="G",J10="D"),IF(J10="G","G","D"),COUNTIF($I$6:$I$45,">"&I10)+1)) | S10: =IF(OR(B10="",N10=0),"-",IF(OR(O10="G",O10="D"),IF(O10="G","G","D"),COUNTIF($N$6:$N$45,">"&N10)+1))
A11: 6 | I11: =IF(OR(J11="G",J11="D"),0,IF(AND(F11="",G11=""),0,MAX(0,IFERROR(F11+0,0)+IFERROR(G11+0,0)-IFERROR(H11+0,0)))) | N11: =IF(OR(O11="G",O11="D"),0,IF(AND(K11="",L11=""),0,MAX(0,IFERROR(K11+0,0)+IFERROR(L11+0,0)-IFERROR(M11+0,0)))) | P11: =IF(B11="","",IF(OR(J11="G",J11="D"),0,I11)+IF(OR(O11="G",O11="D"),0,N11)) | Q11: =IF(OR(B11="",P11=0),"-",RANK.EQ(P11,$P$6:$P$45,0)) | R11: =IF(OR(B11="",I11=0),"-",IF(OR(J11="G",J11="D"),IF(J11="G","G","D"),COUNTIF($I$6:$I$45,">"&I11)+1)) | S11: =IF(OR(B11="",N11=0),"-",IF(OR(O11="G",O11="D"),IF(O11="G","G","D"),COUNTIF($N$6:$N$45,">"&N11)+1))
A12: 7 | I12: =IF(OR(J12="G",J12="D"),0,IF(AND(F12="",G12=""),0,MAX(0,IFERROR(F12+0,0)+IFERROR(G12+0,0)-IFERROR(H12+0,0)))) | N12: =IF(OR(O12="G",O12="D"),0,IF(AND(K12="",L12=""),0,MAX(0,IFERROR(K12+0,0)+IFERROR(L12+0,0)-IFERROR(M12+0,0)))) | P12: =IF(B12="","",IF(OR(J12="G",J12="D"),0,I12)+IF(OR(O12="G",O12="D"),0,N12)) | Q12: =IF(OR(B12="",P12=0),"-",RANK.EQ(P12,$P$6:$P$45,0)) | R12: =IF(OR(B12="",I12=0),"-",IF(OR(J12="G",J12="D"),IF(J12="G","G","D"),COUNTIF($I$6:$I$45,">"&I12)+1)) | S12: =IF(OR(B12="",N12=0),"-",IF(OR(O12="G",O12="D"),IF(O12="G","G","D"),COUNTIF($N$6:$N$45,">"&N12)+1))
A13: 8 | I13: =IF(OR(J13="G",J13="D"),0,IF(AND(F13="",G13=""),0,MAX(0,IFERROR(F13+0,0)+IFERROR(G13+0,0)-IFERROR(H13+0,0)))) | N13: =IF(OR(O13="G",O13="D"),0,IF(AND(K13="",L13=""),0,MAX(0,IFERROR(K13+0,0)+IFERROR(L13+0,0)-IFERROR(M13+0,0)))) | P13: =IF(B13="","",IF(OR(J13="G",J13="D"),0,I13)+IF(OR(O13="G",O13="D"),0,N13)) | Q13: =IF(OR(B13="",P13=0),"-",RANK.EQ(P13,$P$6:$P$45,0)) | R13: =IF(OR(B13="",I13=0),"-",IF(OR(J13="G",J13="D"),IF(J13="G","G","D"),COUNTIF($I$6:$I$45,">"&I13)+1)) | S13: =IF(OR(B13="",N13=0),"-",IF(OR(O13="G",O13="D"),IF(O13="G","G","D"),COUNTIF($N$6:$N$45,">"&N13)+1))
A14: 9 | I14: =IF(OR(J14="G",J14="D"),0,IF(AND(F14="",G14=""),0,MAX(0,IFERROR(F14+0,0)+IFERROR(G14+0,0)-IFERROR(H14+0,0)))) | N14: =IF(OR(O14="G",O14="D"),0,IF(AND(K14="",L14=""),0,MAX(0,IFERROR(K14+0,0)+IFERROR(L14+0,0)-IFERROR(M14+0,0)))) | P14: =IF(B14="","",IF(OR(J14="G",J14="D"),0,I14)+IF(OR(O14="G",O14="D"),0,N14)) | Q14: =IF(OR(B14="",P14=0),"-",RANK.EQ(P14,$P$6:$P$45,0)) | R14: =IF(OR(B14="",I14=0),"-",IF(OR(J14="G",J14="D"),IF(J14="G","G","D"),COUNTIF($I$6:$I$45,">"&I14)+1)) | S14: =IF(OR(B14="",N14=0),"-",IF(OR(O14="G",O14="D"),IF(O14="G","G","D"),COUNTIF($N$6:$N$45,">"&N14)+1))
A15: 10 | I15: =IF(OR(J15="G",J15="D"),0,IF(AND(F15="",G15=""),0,MAX(0,IFERROR(F15+0,0)+IFERROR(G15+0,0)-IFERROR(H15+0,0)))) | N15: =IF(OR(O15="G",O15="D"),0,IF(AND(K15="",L15=""),0,MAX(0,IFERROR(K15+0,0)+IFERROR(L15+0,0)-IFERROR(M15+0,0)))) | P15: =IF(B15="","",IF(OR(J15="G",J15="D"),0,I15)+IF(OR(O15="G",O15="D"),0,N15)) | Q15: =IF(OR(B15="",P15=0),"-",RANK.EQ(P15,$P$6:$P$45,0)) | R15: =IF(OR(B15="",I15=0),"-",IF(OR(J15="G",J15="D"),IF(J15="G","G","D"),COUNTIF($I$6:$I$45,">"&I15)+1)) | S15: =IF(OR(B15="",N15=0),"-",IF(OR(O15="G",O15="D"),IF(O15="G","G","D"),COUNTIF($N$6:$N$45,">"&N15)+1))
A16: 11 | I16: =IF(OR(J16="G",J16="D"),0,IF(AND(F16="",G16=""),0,MAX(0,IFERROR(F16+0,0)+IFERROR(G16+0,0)-IFERROR(H16+0,0)))) | N16: =IF(OR(O16="G",O16="D"),0,IF(AND(K16="",L16=""),0,MAX(0,IFERROR(K16+0,0)+IFERROR(L16+0,0)-IFERROR(M16+0,0)))) | P16: =IF(B16="","",IF(OR(J16="G",J16="D"),0,I16)+IF(OR(O16="G",O16="D"),0,N16)) | Q16: =IF(OR(B16="",P16=0),"-",RANK.EQ(P16,$P$6:$P$45,0)) | R16: =IF(OR(B16="",I16=0),"-",IF(OR(J16="G",J16="D"),IF(J16="G","G","D"),COUNTIF($I$6:$I$45,">"&I16)+1)) | S16: =IF(OR(B16="",N16=0),"-",IF(OR(O16="G",O16="D"),IF(O16="G","G","D"),COUNTIF($N$6:$N$45,">"&N16)+1))
A17: 12 | I17: =IF(OR(J17="G",J17="D"),0,IF(AND(F17="",G17=""),0,MAX(0,IFERROR(F17+0,0)+IFERROR(G17+0,0)-IFERROR(H17+0,0)))) | N17: =IF(OR(O17="G",O17="D"),0,IF(AND(K17="",L17=""),0,MAX(0,IFERROR(K17+0,0)+IFERROR(L17+0,0)-IFERROR(M17+0,0)))) | P17: =IF(B17="","",IF(OR(J17="G",J17="D"),0,I17)+IF(OR(O17="G",O17="D"),0,N17)) | Q17: =IF(OR(B17="",P17=0),"-",RANK.EQ(P17,$P$6:$P$45,0)) | R17: =IF(OR(B17="",I17=0),"-",IF(OR(J17="G",J17="D"),IF(J17="G","G","D"),COUNTIF($I$6:$I$45,">"&I17)+1)) | S17: =IF(OR(B17="",N17=0),"-",IF(OR(O17="G",O17="D"),IF(O17="G","G","D"),COUNTIF($N$6:$N$45,">"&N17)+1))
... A45: 40 | I45: =IF(OR(J45="G",J45="D"),0,IF(AND(F45="",G45=""),0,MAX(0,IFERROR(F45+0,0)+IFERROR(G45+0,0)-IFERROR(H45+0,0)))) | N45: =IF(OR(O45="G",O45="D"),0,IF(AND(K45="",L45=""),0,MAX(0,IFERROR(K45+0,0)+IFERROR(L45+0,0)-IFERROR(M45+0,0)))) | P45: =IF(B45="","",IF(OR(J45="G",J45="D"),0,I45)+IF(OR(O45="G",O45="D"),0,N45)) | Q45: =IF(OR(B45="",P45=0),"-",RANK.EQ(P45,$P$6:$P$45,0)) | R45: =IF(OR(B45="",I45=0),"-",IF(OR(J45="G",J45="D"),IF(J45="G","G","D"),COUNTIF($I$6:$I$45,">"&I45)+1)) | S45: =IF(OR(B45="",N45=0),"-",IF(OR(O45="G",O45="D"),IF(O45="G","G","D"),COUNTIF($N$6:$N$45,">"&N45)+1))
A47: =COUNTA(B6:B45)&" sporcu kayıtlı"

Sheet MİNİK A ERKEKLER
A1: MİNİK A ERKEKLER
A2: ='YARIŞMA BİLGİLERİ'!C3&" — "&'YARIŞMA BİLGİLERİ'!C4&" | "&'YARIŞMA BİLGİLERİ'!C5
F3: YER (FX) | K3: ATLAMA (VT) | R3: ALET SIRALARI (Eleme Seçimi için)
A4: No | B4: Ad | C4: Soyad | D4: Okul / Kulüp | E4: Tür | F4: D | G4: E | H4: ND | I4: Final | J4: Dur | K4: D | L4: E | M4: ND | N4: Final | O4: Dur | P4: TOPLAM | Q4: SIRALAMA | R4: FX | S4: VT
A5: Final = MAX(0, D+E−ND) | Dur: N=Normal · G=Gecersiz · D=Yarışmadı/DNS | Mavi sütun = formül (elle girme) | Yeşil = Toplam | Sarı = Sıralama
A6: 1 | I6: =IF(OR(J6="G",J6="D"),0,IF(AND(F6="",G6=""),0,MAX(0,IFERROR(F6+0,0)+IFERROR(G6+0,0)-IFERROR(H6+0,0)))) | N6: =IF(OR(O6="G",O6="D"),0,IF(AND(K6="",L6=""),0,MAX(0,IFERROR(K6+0,0)+IFERROR(L6+0,0)-IFERROR(M6+0,0)))) | P6: =IF(B6="","",IF(OR(J6="G",J6="D"),0,I6)+IF(OR(O6="G",O6="D"),0,N6)) | Q6: =IF(OR(B6="",P6=0),"-",RANK.EQ(P6,$P$6:$P$45,0)) | R6: =IF(OR(B6="",I6=0),"-",IF(OR(J6="G",J6="D"),IF(J6="G","G","D"),COUNTIF($I$6:$I$45,">"&I6)+1)) | S6: =IF(OR(B6="",N6=0),"-",IF(OR(O6="G",O6="D"),IF(O6="G","G","D"),COUNTIF($N$6:$N$45,">"&N6)+1))
A7: 2 | I7: =IF(OR(J7="G",J7="D"),0,IF(AND(F7="",G7=""),0,MAX(0,IFERROR(F7+0,0)+IFERROR(G7+0,0)-IFERROR(H7+0,0)))) | N7: =IF(OR(O7="G",O7="D"),0,IF(AND(K7="",L7=""),0,MAX(0,IFERROR(K7+0,0)+IFERROR(L7+0,0)-IFERROR(M7+0,0)))) | P7: =IF(B7="","",IF(OR(J7="G",J7="D"),0,I7)+IF(OR(O7="G",O7="D"),0,N7)) | Q7: =IF(OR(B7="",P7=0),"-",RANK.EQ(P7,$P$6:$P$45,0)) | R7: =IF(OR(B7="",I7=0),"-",IF(OR(J7="G",J7="D"),IF(J7="G","G","D"),COUNTIF($I$6:$I$45,">"&I7)+1)) | S7: =IF(OR(B7="",N7=0),"-",IF(OR(O7="G",O7="D"),IF(O7="G","G","D"),COUNTIF($N$6:$N$45,">"&N7)+1))
A8: 3 | I8: =IF(OR(J8="G",J8="D"),0,IF(AND(F8="",G8=""),0,MAX(0,IFERROR(F8+0,0)+IFERROR(G8+0,0)-IFERROR(H8+0,0)))) | N8: =IF(OR(O8="G",O8="D"),0,IF(AND(K8="",L8=""),0,MAX(0,IFERROR(K8+0,0)+IFERROR(L8+0,0)-IFERROR(M8+0,0)))) | P8: =IF(B8="","",IF(OR(J8="G",J8="D"),0,I8)+IF(OR(O8="G",O8="D"),0,N8)) | Q8: =IF(OR(B8="",P8=0),"-",RANK.EQ(P8,$P$6:$P$45,0)) | R8: =IF(OR(B8="",I8=0),"-",IF(OR(J8="G",J8="D"),IF(J8="G","G","D"),COUNTIF($I$6:$I$45,">"&I8)+1)) | S8: =IF(OR(B8="",N8=0),"-",IF(OR(O8="G",O8="D"),IF(O8="G","G","D"),COUNTIF($N$6:$N$45,">"&N8)+1))
A9: 4 | I9: =IF(OR(J9="G",J9="D"),0,IF(AND(F9="",G9=""),0,MAX(0,IFERROR(F9+0,0)+IFERROR(G9+0,0)-IFERROR(H9+0,0)))) | N9: =IF(OR(O9="G",O9="D"),0,IF(AND(K9="",L9=""),0,MAX(0,IFERROR(K9+0,0)+IFERROR(L9+0,0)-IFERROR(M9+0,0)))) | P9: =IF(B9="","",IF(OR(J9="G",J9="D"),0,I9)+IF(OR(O9="G",O9="D"),0,N9)) | Q9: =IF(OR(B9="",P9=0),"-",RANK.EQ(P9,$P$6:$P$45,0)) | R9: =IF(OR(B9="",I9=0),"-",IF(OR(J9="G",J9="D"),IF(J9="G","G","D"),COUNTIF($I$6:$I$45,">"&I9)+1)) | S9: =IF(OR(B9="",N9=0),"-",IF(OR(O9="G",O9="D"),IF(O9="G","G","D"),COUNTIF($N$6:$N$45,">"&N9)+1))
A10: 5 | I10: =IF(OR(J10="G",J10="D"),0,IF(AND(F10="",G10=""),0,MAX(0,IFERROR(F10+0,0)+IFERROR(G10+0,0)-IFERROR(H10+0,0)))) | N10: =IF(OR(O10="G",O10="D"),0,IF(AND(K10="",L10=""),0,MAX(0,IFERROR(K10+0,0)+IFERROR(L10+0,0)-IFERROR(M10+0,0)))) | P10: =IF(B10="","",IF(OR(J10="G",J10="D"),0,I10)+IF(OR(O10="G",O10="D"),0,N10)) | Q10: =IF(OR(B10="",P10=0),"-",RANK.EQ(P10,$P$6:$P$45,0)) | R10: =IF(OR(B10="",I10=0),"-",IF(OR(J10="G",J10="D"),IF(J10="G","G","D"),COUNTIF($I$6:$I$45,">"&I10)+1)) | S10: =IF(OR(B10="",N10=0),"-",IF(OR(O10="G",O10="D"),IF(O10="G","G","D"),COUNTIF($N$6:$N$45,">"&N10)+1))
A11: 6 | I11: =IF(OR(J11="G",J11="D"),0,IF(AND(F11="",G11=""),0,MAX(0,IFERROR(F11+0,0)+IFERROR(G11+0,0)-IFERROR(H11+0,0)))) | N11: =IF(OR(O11="G",O11="D"),0,IF(AND(K11="",L11=""),0,MAX(0,IFERROR(K11+0,0)+IFERROR(L11+0,0)-IFERROR(M11+0,0)))) | P11: =IF(B11="","",IF(OR(J11="G",J11="D"),0,I11)+IF(OR(O11="G",O11="D"),0,N11)) | Q11: =IF(OR(B11="",P11=0),"-",RANK.EQ(P11,$P$6:$P$45,0)) | R11: =IF(OR(B11="",I11=0),"-",IF(OR(J11="G",J11="D"),IF(J11="G","G","D"),COUNTIF($I$6:$I$45,">"&I11)+1)) | S11: =IF(OR(B11="",N11=0),"-",IF(OR(O11="G",O11="D"),IF(O11="G","G","D"),COUNTIF($N$6:$N$45,">"&N11)+1))
A12: 7 | I12: =IF(OR(J12="G",J12="D"),0,IF(AND(F12="",G12=""),0,MAX(0,IFERROR(F12+0,0)+IFERROR(G12+0,0)-IFERROR(H12+0,0)))) | N12: =IF(OR(O12="G",O12="D"),0,IF(AND(K12="",L12=""),0,MAX(0,IFERROR(K12+0,0)+IFERROR(L12+0,0)-IFERROR(M12+0,0)))) | P12: =IF(B12="","",IF(OR(J12="G",J12="D"),0,I12)+IF(OR(O12="G",O12="D"),0,N12)) | Q12: =IF(OR(B12="",P12=0),"-",RANK.EQ(P12,$P$6:$P$45,0)) | R12: =IF(OR(B12="",I12=0),"-",IF(OR(J12="G",J12="D"),IF(J12="G","G","D"),COUNTIF($I$6:$I$45,">"&I12)+1)) | S12: =IF(OR(B12="",N12=0),"-",IF(OR(O12="G",O12="D"),IF(O12="G","G","D"),COUNTIF($N$6:$N$45,">"&N12)+1))
A13: 8 | I13: =IF(OR(J13="G",J13="D"),0,IF(AND(F13="",G13=""),0,MAX(0,IFERROR(F13+0,0)+IFERROR(G13+0,0)-IFERROR(H13+0,0)))) | N13: =IF(OR(O13="G",O13="D"),0,IF(AND(K13="",L13=""),0,MAX(0,IFERROR(K13+0,0)+IFERROR(L13+0,0)-IFERROR(M13+0,0)))) | P13: =IF(B13="","",IF(OR(J13="G",J13="D"),0,I13)+IF(OR(O13="G",O13="D"),0,N13)) | Q13: =IF(OR(B13="",P13=0),"-",RANK.EQ(P13,$P$6:$P$45,0)) | R13: =IF(OR(B13="",I13=0),"-",IF(OR(J13="G",J13="D"),IF(J13="G","G","D"),COUNTIF($I$6:$I$45,">"&I13)+1)) | S13: =IF(OR(B13="",N13=0),"-",IF(OR(O13="G",O13="D"),IF(O13="G","G","D"),COUNTIF($N$6:$N$45,">"&N13)+1))
A14: 9 | I14: =IF(OR(J14="G",J14="D"),0,IF(AND(F14="",G14=""),0,MAX(0,IFERROR(F14+0,0)+IFERROR(G14+0,0)-IFERROR(H14+0,0)))) | N14: =IF(OR(O14="G",O14="D"),0,IF(AND(K14="",L14=""),0,MAX(0,IFERROR(K14+0,0)+IFERROR(L14+0,0)-IFERROR(M14+0,0)))) | P14: =IF(B14="","",IF(OR(J14="G",J14="D"),0,I14)+IF(OR(O14="G",O14="D"),0,N14)) | Q14: =IF(OR(B14="",P14=0),"-",RANK.EQ(P14,$P$6:$P$45,0)) | R14: =IF(OR(B14="",I14=0),"-",IF(OR(J14="G",J14="D"),IF(J14="G","G","D"),COUNTIF($I$6:$I$45,">"&I14)+1)) | S14: =IF(OR(B14="",N14=0),"-",IF(OR(O14="G",O14="D"),IF(O14="G","G","D"),COUNTIF($N$6:$N$45,">"&N14)+1))
A15: 10 | I15: =IF(OR(J15="G",J15="D"),0,IF(AND(F15="",G15=""),0,MAX(0,IFERROR(F15+0,0)+IFERROR(G15+0,0)-IFERROR(H15+0,0)))) | N15: =IF(OR(O15="G",O15="D"),0,IF(AND(K15="",L15=""),0,MAX(0,IFERROR(K15+0,0)+IFERROR(L15+0,0)-IFERROR(M15+0,0)))) | P15: =IF(B15="","",IF(OR(J15="G",J15="D"),0,I15)+IF(OR(O15="G",O15="D"),0,N15)) | Q15: =IF(OR(B15="",P15=0),"-",RANK.EQ(P15,$P$6:$P$45,0)) | R15: =IF(OR(B15="",I15=0),"-",IF(OR(J15="G",J15="D"),IF(J15="G","G","D"),COUNTIF($I$6:$I$45,">"&I15)+1)) | S15: =IF(OR(B15="",N15=0),"-",IF(OR(O15="G",O15="D"),IF(O15="G","G","D"),COUNTIF($N$6:$N$45,">"&N15)+1))
A16: 11 | I16: =IF(OR(J16="G",J16="D"),0,IF(AND(F16="",G16=""),0,MAX(0,IFERROR(F16+0,0)+IFERROR(G16+0,0)-IFERROR(H16+0,0)))) | N16: =IF(OR(O16="G",O16="D"),0,IF(AND(K16="",L16=""),0,MAX(0,IFERROR(K16+0,0)+IFERROR(L16+0,0)-IFERROR(M16+0,0)))) | P16: =IF(B16="","",IF(OR(J16="G",J16="D"),0,I16)+IF(OR(O16="G",O16="D"),0,N16)) | Q16: =IF(OR(B16="",P16=0),"-",RANK.EQ(P16,$P$6:$P$45,0)) | R16: =IF(OR(B16="",I16=0),"-",IF(OR(J16="G",J16="D"),IF(J16="G","G","D"),COUNTIF($I$6:$I$45,">"&I16)+1)) | S16: =IF(OR(B16="",N16=0),"-",IF(OR(O16="G",O16="D"),IF(O16="G","G","D"),COUNTIF($N$6:$N$45,">"&N16)+1))
A17: 12 | I17: =IF(OR(J17="G",J17="D"),0,IF(AND(F17="",G17=""),0,MAX(0,IFERROR(F17+0,0)+IFERROR(G17+0,0)-IFERROR(H17+0,0)))) | N17: =IF(OR(O17="G",O17="D"),0,IF(AND(K17="",L17=""),0,MAX(0,IFERROR(K17+0,0)+IFERROR(L17+0,0)-IFERROR(M17+0,0)))) | P17: =IF(B17="","",IF(OR(J17="G",J17="D"),0,I17)+IF(OR(O17="G",O17="D"),0,N17)) | Q17: =IF(OR(B17="",P17=0),"-",RANK.EQ(P17,$P$6:$P$45,0)) | R17: =IF(OR(B17="",I17=0),"-",IF(OR(J17="G",J17="D"),IF(J17="G","G","D"),COUNTIF($I$6:$I$45,">"&I17)+1)) | S17: =IF(OR(B17="",N17=0),"-",IF(OR(O17="G",O17="D"),IF(O17="G","G","D"),COUNTIF($N$6:$N$45,">"&N17)+1))
... A45: 40 | I45: =IF(OR(J45="G",J45="D"),0,IF(AND(F45="",G45=""),0,MAX(0,IFERROR(F45+0,0)+IFERROR(G45+0,0)-IFERROR(H45+0,0)))) | N45: =IF(OR(O45="G",O45="D"),0,IF(AND(K45="",L45=""),0,MAX(0,IFERROR(K45+0,0)+IFERROR(L45+0,0)-IFERROR(M45+0,0)))) | P45: =IF(B45="","",IF(OR(J45="G",J45="D"),0,I45)+IF(OR(O45="G",O45="D"),0,N45)) | Q45: =IF(OR(B45="",P45=0),"-",RANK.EQ(P45,$P$6:$P$45,0)) | R45: =IF(OR(B45="",I45=0),"-",IF(OR(J45="G",J45="D"),IF(J45="G","G","D"),COUNTIF($I$6:$I$45,">"&I45)+1)) | S45: =IF(OR(B45="",N45=0),"-",IF(OR(O45="G",O45="D"),IF(O45="G","G","D"),COUNTIF($N$6:$N$45,">"&N45)+1))
A47: =COUNTA(B6:B45)&" sporcu kayıtlı"

Sheet MİNİK B KIZLAR
A1: MİNİK B KIZLAR
A2: ='YARIŞMA BİLGİLERİ'!C3&" — "&'YARIŞMA BİLGİLERİ'!C4&" | "&'YARIŞMA BİLGİLERİ'!C5
F3: ATLAMA (VT) | K3: SERBEST (FX) | R3: ALET SIRALARI (Eleme Seçimi için)
A4: No | B4: Ad | C4: Soyad | D4: Okul / Kulüp | E4: Tür | F4: D | G4: E | H4: ND | I4: Final | J4: Dur | K4: D | L4: E | M4: ND | N4: Final | O4: Dur | P4: TOPLAM | Q4: SIRALAMA | R4: VT | S4: FX
A5: Final = MAX(0, D+E−ND) | Dur: N=Normal · G=Gecersiz · D=Yarışmadı/DNS | Mavi sütun = formül (elle girme) | Yeşil = Toplam | Sarı = Sıralama
A6: 1 | I6: =IF(OR(J6="G",J6="D"),0,IF(AND(F6="",G6=""),0,MAX(0,IFERROR(F6+0,0)+IFERROR(G6+0,0)-IFERROR(H6+0,0)))) | N6: =IF(OR(O6="G",O6="D"),0,IF(AND(K6="",L6=""),0,MAX(0,IFERROR(K6+0,0)+IFERROR(L6+0,0)-IFERROR(M6+0,0)))) | P6: =IF(B6="","",IF(OR(J6="G",J6="D"),0,I6)+IF(OR(O6="G",O6="D"),0,N6)) | Q6: =IF(OR(B6="",P6=0),"-",RANK.EQ(P6,$P$6:$P$45,0)) | R6: =IF(OR(B6="",I6=0),"-",IF(OR(J6="G",J6="D"),IF(J6="G","G","D"),COUNTIF($I$6:$I$45,">"&I6)+1)) | S6: =IF(OR(B6="",N6=0),"-",IF(OR(O6="G",O6="D"),IF(O6="G","G","D"),COUNTIF($N$6:$N$45,">"&N6)+1))
A7: 2 | I7: =IF(OR(J7="G",J7="D"),0,IF(AND(F7="",G7=""),0,MAX(0,IFERROR(F7+0,0)+IFERROR(G7+0,0)-IFERROR(H7+0,0)))) | N7: =IF(OR(O7="G",O7="D"),0,IF(AND(K7="",L7=""),0,MAX(0,IFERROR(K7+0,0)+IFERROR(L7+0,0)-IFERROR(M7+0,0)))) | P7: =IF(B7="","",IF(OR(J7="G",J7="D"),0,I7)+IF(OR(O7="G",O7="D"),0,N7)) | Q7: =IF(OR(B7="",P7=0),"-",RANK.EQ(P7,$P$6:$P$45,0)) | R7: =IF(OR(B7="",I7=0),"-",IF(OR(J7="G",J7="D"),IF(J7="G","G","D"),COUNTIF($I$6:$I$45,">"&I7)+1)) | S7: =IF(OR(B7="",N7=0),"-",IF(OR(O7="G",O7="D"),IF(O7="G","G","D"),COUNTIF($N$6:$N$45,">"&N7)+1))
A8: 3 | I8: =IF(OR(J8="G",J8="D"),0,IF(AND(F8="",G8=""),0,MAX(0,IFERROR(F8+0,0)+IFERROR(G8+0,0)-IFERROR(H8+0,0)))) | N8: =IF(OR(O8="G",O8="D"),0,IF(AND(K8="",L8=""),0,MAX(0,IFERROR(K8+0,0)+IFERROR(L8+0,0)-IFERROR(M8+0,0)))) | P8: =IF(B8="","",IF(OR(J8="G",J8="D"),0,I8)+IF(OR(O8="G",O8="D"),0,N8)) | Q8: =IF(OR(B8="",P8=0),"-",RANK.EQ(P8,$P$6:$P$45,0)) | R8: =IF(OR(B8="",I8=0),"-",IF(OR(J8="G",J8="D"),IF(J8="G","G","D"),COUNTIF($I$6:$I$45,">"&I8)+1)) | S8: =IF(OR(B8="",N8=0),"-",IF(OR(O8="G",O8="D"),IF(O8="G","G","D"),COUNTIF($N$6:$N$45,">"&N8)+1))
A9: 4 | I9: =IF(OR(J9="G",J9="D"),0,IF(AND(F9="",G9=""),0,MAX(0,IFERROR(F9+0,0)+IFERROR(G9+0,0)-IFERROR(H9+0,0)))) | N9: =IF(OR(O9="G",O9="D"),0,IF(AND(K9="",L9=""),0,MAX(0,IFERROR(K9+0,0)+IFERROR(L9+0,0)-IFERROR(M9+0,0)))) | P9: =IF(B9="","",IF(OR(J9="G",J9="D"),0,I9)+IF(OR(O9="G",O9="D"),0,N9)) | Q9: =IF(OR(B9="",P9=0),"-",RANK.EQ(P9,$P$6:$P$45,0)) | R9: =IF(OR(B9="",I9=0),"-",IF(OR(J9="G",J9="D"),IF(J9="G","G","D"),COUNTIF($I$6:$I$45,">"&I9)+1)) | S9: =IF(OR(B9="",N9=0),"-",IF(OR(O9="G",O9="D"),IF(O9="G","G","D"),COUNTIF($N$6:$N$45,">"&N9)+1))
A10: 5 | I10: =IF(OR(J10="G",J10="D"),0,IF(AND(F10="",G10=""),0,MAX(0,IFERROR(F10+0,0)+IFERROR(G10+0,0)-IFERROR(H10+0,0)))) | N10: =IF(OR(O10="G",O10="D"),0,IF(AND(K10="",L10=""),0,MAX(0,IFERROR(K10+0,0)+IFERROR(L10+0,0)-IFERROR(M10+0,0)))) | P10: =IF(B10="","",IF(OR(J10="G",J10="D"),0,I10)+IF(OR(O10="G",O10="D"),0,N10)) | Q10: =IF(OR(B10="",P10=0),"-",RANK.EQ(P10,$P$6:$P$45,0)) | R10: =IF(OR(B10="",I10=0),"-",IF(OR(J10="G",J10="D"),IF(J10="G","G","D"),COUNTIF($I$6:$I$45,">"&I10)+1)) | S10: =IF(OR(B10="",N10=0),"-",IF(OR(O10="G",O10="D"),IF(O10="G","G","D"),COUNTIF($N$6:$N$45,">"&N10)+1))
A11: 6 | I11: =IF(OR(J11="G",J11="D"),0,IF(AND(F11="",G11=""),0,MAX(0,IFERROR(F11+0,0)+IFERROR(G11+0,0)-IFERROR(H11+0,0)))) | N11: =IF(OR(O11="G",O11="D"),0,IF(AND(K11="",L11=""),0,MAX(0,IFERROR(K11+0,0)+IFERROR(L11+0,0)-IFERROR(M11+0,0)))) | P11: =IF(B11="","",IF(OR(J11="G",J11="D"),0,I11)+IF(OR(O11="G",O11="D"),0,N11)) | Q11: =IF(OR(B11="",P11=0),"-",RANK.EQ(P11,$P$6:$P$45,0)) | R11: =IF(OR(B11="",I11=0),"-",IF(OR(J11="G",J11="D"),IF(J11="G","G","D"),COUNTIF($I$6:$I$45,">"&I11)+1)) | S11: =IF(OR(B11="",N11=0),"-",IF(OR(O11="G",O11="D"),IF(O11="G","G","D"),COUNTIF($N$6:$N$45,">"&N11)+1))
A12: 7 | I12: =IF(OR(J12="G",J12="D"),0,IF(AND(F12="",G12=""),0,MAX(0,IFERROR(F12+0,0)+IFERROR(G12+0,0)-IFERROR(H12+0,0)))) | N12: =IF(OR(O12="G",O12="D"),0,IF(AND(K12="",L12=""),0,MAX(0,IFERROR(K12+0,0)+IFERROR(L12+0,0)-IFERROR(M12+0,0)))) | P12: =IF(B12="","",IF(OR(J12="G",J12="D"),0,I12)+IF(OR(O12="G",O12="D"),0,N12)) | Q12: =IF(OR(B12="",P12=0),"-",RANK.EQ(P12,$P$6:$P$45,0)) | R12: =IF(OR(B12="",I12=0),"-",IF(OR(J12="G",J12="D"),IF(J12="G","G","D"),COUNTIF($I$6:$I$45,">"&I12)+1)) | S12: =IF(OR(B12="",N12=0),"-",IF(OR(O12="G",O12="D"),IF(O12="G","G","D"),COUNTIF($N$6:$N$45,">"&N12)+1))
A13: 8 | I13: =IF(OR(J13="G",J13="D"),0,IF(AND(F13="",G13=""),0,MAX(0,IFERROR(F13+0,0)+IFERROR(G13+0,0)-IFERROR(H13+0,0)))) | N13: =IF(OR(O13="G",O13="D"),0,IF(AND(K13="",L13=""),0,MAX(0,IFERROR(K13+0,0)+IFERROR(L13+0,0)-IFERROR(M13+0,0)))) | P13: =IF(B13="","",IF(OR(J13="G",J13="D"),0,I13)+IF(OR(O13="G",O13="D"),0,N13)) | Q13: =IF(OR(B13="",P13=0),"-",RANK.EQ(P13,$P$6:$P$45,0)) | R13: =IF(OR(B13="",I13=0),"-",IF(OR(J13="G",J13="D"),IF(J13="G","G","D"),COUNTIF($I$6:$I$45,">"&I13)+1)) | S13: =IF(OR(B13="",N13=0),"-",IF(OR(O13="G",O13="D"),IF(O13="G","G","D"),COUNTIF($N$6:$N$45,">"&N13)+1))
A14: 9 | I14: =IF(OR(J14="G",J14="D"),0,IF(AND(F14="",G14=""),0,MAX(0,IFERROR(F14+0,0)+IFERROR(G14+0,0)-IFERROR(H14+0,0)))) | N14: =IF(OR(O14="G",O14="D"),0,IF(AND(K14="",L14=""),0,MAX(0,IFERROR(K14+0,0)+IFERROR(L14+0,0)-IFERROR(M14+0,0)))) | P14: =IF(B14="","",IF(OR(J14="G",J14="D"),0,I14)+IF(OR(O14="G",O14="D"),0,N14)) | Q14: =IF(OR(B14="",P14=0),"-",RANK.EQ(P14,$P$6:$P$45,0)) | R14: =IF(OR(B14="",I14=0),"-",IF(OR(J14="G",J14="D"),IF(J14="G","G","D"),COUNTIF($I$6:$I$45,">"&I14)+1)) | S14: =IF(OR(B14="",N14=0),"-",IF(OR(O14="G",O14="D"),IF(O14="G","G","D"),COUNTIF($N$6:$N$45,">"&N14)+1))
A15: 10 | I15: =IF(OR(J15="G",J15="D"),0,IF(AND(F15="",G15=""),0,MAX(0,IFERROR(F15+0,0)+IFERROR(G15+0,0)-IFERROR(H15+0,0)))) | N15: =IF(OR(O15="G",O15="D"),0,IF(AND(K15="",L15=""),0,MAX(0,IFERROR(K15+0,0)+IFERROR(L15+0,0)-IFERROR(M15+0,0)))) | P15: =IF(B15="","",IF(OR(J15="G",J15="D"),0,I15)+IF(OR(O15="G",O15="D"),0,N15)) | Q15: =IF(OR(B15="",P15=0),"-",RANK.EQ(P15,$P$6:$P$45,0)) | R15: =IF(OR(B15="",I15=0),"-",IF(OR(J15="G",J15="D"),IF(J15="G","G","D"),COUNTIF($I$6:$I$45,">"&I15)+1)) | S15: =IF(OR(B15="",N15=0),"-",IF(OR(O15="G",O15="D"),IF(O15="G","G","D"),COUNTIF($N$6:$N$45,">"&N15)+1))
A16: 11 | I16: =IF(OR(J16="G",J16="D"),0,IF(AND(F16="",G16=""),0,MAX(0,IFERROR(F16+0,0)+IFERROR(G16+0,0)-IFERROR(H16+0,0)))) | N16: =IF(OR(O16="G",O16="D"),0,IF(AND(K16="",L16=""),0,MAX(0,IFERROR(K16+0,0)+IFERROR(L16+0,0)-IFERROR(M16+0,0)))) | P16: =IF(B16="","",IF(OR(J16="G",J16="D"),0,I16)+IF(OR(O16="G",O16="D"),0,N16)) | Q16: =IF(OR(B16="",P16=0),"-",RANK.EQ(P16,$P$6:$P$45,0)) | R16: =IF(OR(B16="",I16=0),"-",IF(OR(J16="G",J16="D"),IF(J16="G","G","D"),COUNTIF($I$6:$I$45,">"&I16)+1)) | S16: =IF(OR(B16="",N16=0),"-",IF(OR(O16="G",O16="D"),IF(O16="G","G","D"),COUNTIF($N$6:$N$45,">"&N16)+1))
A17: 12 | I17: =IF(OR(J17="G",J17="D"),0,IF(AND(F17="",G17=""),0,MAX(0,IFERROR(F17+0,0)+IFERROR(G17+0,0)-IFERROR(H17+0,0)))) | N17: =IF(OR(O17="G",O17="D"),0,IF(AND(K17="",L17=""),0,MAX(0,IFERROR(K17+0,0)+IFERROR(L17+0,0)-IFERROR(M17+0,0)))) | P17: =IF(B17="","",IF(OR(J17="G",J17="D"),0,I17)+IF(OR(O17="G",O17="D"),0,N17)) | Q17: =IF(OR(B17="",P17=0),"-",RANK.EQ(P17,$P$6:$P$45,0)) | R17: =IF(OR(B17="",I17=0),"-",IF(OR(J17="G",J17="D"),IF(J17="G","G","D"),COUNTIF($I$6:$I$45,">"&I17)+1)) | S17: =IF(OR(B17="",N17=0),"-",IF(OR(O17="G",O17="D"),IF(O17="G","G","D"),COUNTIF($N$6:$N$45,">"&N17)+1))
... A45: 40 | I45: =IF(OR(J45="G",J45="D"),0,IF(AND(F45="",G45=""),0,MAX(0,IFERROR(F45+0,0)+IFERROR(G45+0,0)-IFERROR(H45+0,0)))) | N45: =IF(OR(O45="G",O45="D"),0,IF(AND(K45="",L45=""),0,MAX(0,IFERROR(K45+0,0)+IFERROR(L45+0,0)-IFERROR(M45+0,0)))) | P45: =IF(B45="","",IF(OR(J45="G",J45="D"),0,I45)+IF(OR(O45="G",O45="D"),0,N45)) | Q45: =IF(OR(B45="",P45=0),"-",RANK.EQ(P45,$P$6:$P$45,0)) | R45: =IF(OR(B45="",I45=0),"-",IF(OR(J45="G",J45="D"),IF(J45="G","G","D"),COUNTIF($I$6:$I$45,">"&I45)+1)) | S45: =IF(OR(B45="",N45=0),"-",IF(OR(O45="G",O45="D"),IF(O45="G","G","D"),COUNTIF($N$6:$N$45,">"&N45)+1))
A47: =COUNTA(B6:B45)&" sporcu kayıtlı"

Sheet MİNİK B ERKEKLER
A1: MİNİK B ERKEKLER
A2: ='YARIŞMA BİLGİLERİ'!C3&" — "&'YARIŞMA BİLGİLERİ'!C4&" | "&'YARIŞMA BİLGİLERİ'!C5
F3: YER (FX) | K3: ATLAMA (VT) | R3: ALET SIRALARI (Eleme Seçimi için)
A4: No | B4: Ad | C4: Soyad | D4: Okul / Kulüp | E4: Tür | F4: D | G4: E | H4: ND | I4: Final | J4: Dur | K4: D | L4: E | M4: ND | N4: Final | O4: Dur | P4: TOPLAM | Q4: SIRALAMA | R4: FX | S4: VT
A5: Final = MAX(0, D+E−ND) | Dur: N=Normal · G=Gecersiz · D=Yarışmadı/DNS | Mavi sütun = formül (elle girme) | Yeşil = Toplam | Sarı = Sıralama
A6: 1 | I6: =IF(OR(J6="G",J6="D"),0,IF(AND(F6="",G6=""),0,MAX(0,IFERROR(F6+0,0)+IFERROR(G6+0,0)-IFERROR(H6+0,0)))) | N6: =IF(OR(O6="G",O6="D"),0,IF(AND(K6="",L6=""),0,MAX(0,IFERROR(K6+0,0)+IFERROR(L6+0,0)-IFERROR(M6+0,0)))) | P6: =IF(B6="","",IF(OR(J6="G",J6="D"),0,I6)+IF(OR(O6="G",O6="D"),0,N6)) | Q6: =IF(OR(B6="",P6=0),"-",RANK.EQ(P6,$P$6:$P$45,0)) | R6: =IF(OR(B6="",I6=0),"-",IF(OR(J6="G",J6="D"),IF(J6="G","G","D"),COUNTIF($I$6:$I$45,">"&I6)+1)) | S6: =IF(OR(B6="",N6=0),"-",IF(OR(O6="G",O6="D"),IF(O6="G","G","D"),COUNTIF($N$6:$N$45,">"&N6)+1))
A7: 2 | I7: =IF(OR(J7="G",J7="D"),0,IF(AND(F7="",G7=""),0,MAX(0,IFERROR(F7+0,0)+IFERROR(G7+0,0)-IFERROR(H7+0,0)))) | N7: =IF(OR(O7="G",O7="D"),0,IF(AND(K7="",L7=""),0,MAX(0,IFERROR(K7+0,0)+IFERROR(L7+0,0)-IFERROR(M7+0,0)))) | P7: =IF(B7="","",IF(OR(J7="G",J7="D"),0,I7)+IF(OR(O7="G",O7="D"),0,N7)) | Q7: =IF(OR(B7="",P7=0),"-",RANK.EQ(P7,$P$6:$P$45,0)) | R7: =IF(OR(B7="",I7=0),"-",IF(OR(J7="G",J7="D"),IF(J7="G","G","D"),COUNTIF($I$6:$I$45,">"&I7)+1)) | S7: =IF(OR(B7="",N7=0),"-",IF(OR(O7="G",O7="D"),IF(O7="G","G","D"),COUNTIF($N$6:$N$45,">"&N7)+1))
A8: 3 | I8: =IF(OR(J8="G",J8="D"),0,IF(AND(F8="",G8=""),0,MAX(0,IFERROR(F8+0,0)+IFERROR(G8+0,0)-IFERROR(H8+0,0)))) | N8: =IF(OR(O8="G",O8="D"),0,IF(AND(K8="",L8=""),0,MAX(0,IFERROR(K8+0,0)+IFERROR(L8+0,0)-IFERROR(M8+0,0)))) | P8: =IF(B8="","",IF(OR(J8="G",J8="D"),0,I8)+IF(OR(O8="G",O8="D"),0,N8)) | Q8: =IF(OR(B8="",P8=0),"-",RANK.EQ(P8,$P$6:$P$45,0)) | R8: =IF(OR(B8="",I8=0),"-",IF(OR(J8="G",J8="D"),IF(J8="G","G","D"),COUNTIF($I$6:$I$45,">"&I8)+1)) | S8: =IF(OR(B8="",N8=0),"-",IF(OR(O8="G",O8="D"),IF(O8="G","G","D"),COUNTIF($N$6:$N$45,">"&N8)+1))
A9: 4 | I9: =IF(OR(J9="G",J9="D"),0,IF(AND(F9="",G9=""),0,MAX(0,IFERROR(F9+0,0)+IFERROR(G9+0,0)-IFERROR(H9+0,0)))) | N9: =IF(OR(O9="G",O9="D"),0,IF(AND(K9="",L9=""),0,MAX(0,IFERROR(K9+0,0)+IFERROR(L9+0,0)-IFERROR(M9+0,0)))) | P9: =IF(B9="","",IF(OR(J9="G",J9="D"),0,I9)+IF(OR(O9="G",O9="D"),0,N9)) | Q9: =IF(OR(B9="",P9=0),"-",RANK.EQ(P9,$P$6:$P$45,0)) | R9: =IF(OR(B9="",I9=0),"-",IF(OR(J9="G",J9="D"),IF(J9="G","G","D"),COUNTIF($I$6:$I$45,">"&I9)+1)) | S9: =IF(OR(B9="",N9=0),"-",IF(OR(O9="G",O9="D"),IF(O9="G","G","D"),COUNTIF($N$6:$N$45,">"&N9)+1))
A10: 5 | I10: =IF(OR(J10="G",J10="D"),0,IF(AND(F10="",G10=""),0,MAX(0,IFERROR(F10+0,0)+IFERROR(G10+0,0)-IFERROR(H10+0,0)))) | N10: =IF(OR(O10="G",O10="D"),0,IF(AND(K10="",L10=""),0,MAX(0,IFERROR(K10+0,0)+IFERROR(L10+0,0)-IFERROR(M10+0,0)))) | P10: =IF(B10="","",IF(OR(J10="G",J10="D"),0,I10)+IF(OR(O10="G",O10="D"),0,N10)) | Q10: =IF(OR(B10="",P10=0),"-",RANK.EQ(P10,$P$6:$P$45,0)) | R10: =IF(OR(B10="",I10=0),"-",IF(OR(J10="G",J10="D"),IF(J10="G","G","D"),COUNTIF($I$6:$I$45,">"&I10)+1)) | S10: =IF(OR(B10="",N10=0),"-",IF(OR(O10="G",O10="D"),IF(O10="G","G","D"),COUNTIF($N$6:$N$45,">"&N10)+1))
A11: 6 | I11: =IF(OR(J11="G",J11="D"),0,IF(AND(F11="",G11=""),0,MAX(0,IFERROR(F11+0,0)+IFERROR(G11+0,0)-IFERROR(H11+0,0)))) | N11: =IF(OR(O11="G",O11="D"),0,IF(AND(K11="",L11=""),0,MAX(0,IFERROR(K11+0,0)+IFERROR(L11+0,0)-IFERROR(M11+0,0)))) | P11: =IF(B11="","",IF(OR(J11="G",J11="D"),0,I11)+IF(OR(O11="G",O11="D"),0,N11)) | Q11: =IF(OR(B11="",P11=0),"-",RANK.EQ(P11,$P$6:$P$45,0)) | R11: =IF(OR(B11="",I11=0),"-",IF(OR(J11="G",J11="D"),IF(J11="G","G","D"),COUNTIF($I$6:$I$45,">"&I11)+1)) | S11: =IF(OR(B11="",N11=0),"-",IF(OR(O11="G",O11="D"),IF(O11="G","G","D"),COUNTIF($N$6:$N$45,">"&N11)+1))
A12: 7 | I12: =IF(OR(J12="G",J12="D"),0,IF(AND(F12="",G12=""),0,MAX(0,IFERROR(F12+0,0)+IFERROR(G12+0,0)-IFERROR(H12+0,0)))) | N12: =IF(OR(O12="G",O12="D"),0,IF(AND(K12="",L12=""),0,MAX(0,IFERROR(K12+0,0)+IFERROR(L12+0,0)-IFERROR(M12+0,0)))) | P12: =IF(B12="","",IF(OR(J12="G",J12="D"),0,I12)+IF(OR(O12="G",O12="D"),0,N12)) | Q12: =IF(OR(B12="",P12=0),"-",RANK.EQ(P12,$P$6:$P$45,0)) | R12: =IF(OR(B12="",I12=0),"-",IF(OR(J12="G",J12="D"),IF(J12="G","G","D"),COUNTIF($I$6:$I$45,">"&I12)+1)) | S12: =IF(OR(B12="",N12=0),"-",IF(OR(O12="G",O12="D"),IF(O12="G","G","D"),COUNTIF($N$6:$N$45,">"&N12)+1))
A13: 8 | I13: =IF(OR(J13="G",J13="D"),0,IF(AND(F13="",G13=""),0,MAX(0,IFERROR(F13+0,0)+IFERROR(G13+0,0)-IFERROR(H13+0,0)))) | N13: =IF(OR(O13="G",O13="D"),0,IF(AND(K13="",L13=""),0,MAX(0,IFERROR(K13+0,0)+IFERROR(L13+0,0)-IFERROR(M13+0,0)))) | P13: =IF(B13="","",IF(OR(J13="G",J13="D"),0,I13)+IF(OR(O13="G",O13="D"),0,N13)) | Q13: =IF(OR(B13="",P13=0),"-",RANK.EQ(P13,$P$6:$P$45,0)) | R13: =IF(OR(B13="",I13=0),"-",IF(OR(J13="G",J13="D"),IF(J13="G","G","D"),COUNTIF($I$6:$I$45,">"&I13)+1)) | S13: =IF(OR(B13="",N13=0),"-",IF(OR(O13="G",O13="D"),IF(O13="G","G","D"),COUNTIF($N$6:$N$45,">"&N13)+1))
A14: 9 | I14: =IF(OR(J14="G",J14="D"),0,IF(AND(F14="",G14=""),0,MAX(0,IFERROR(F14+0,0)+IFERROR(G14+0,0)-IFERROR(H14+0,0)))) | N14: =IF(OR(O14="G",O14="D"),0,IF(AND(K14="",L14=""),0,MAX(0,IFERROR(K14+0,0)+IFERROR(L14+0,0)-IFERROR(M14+0,0)))) | P14: =IF(B14="","",IF(OR(J14="G",J14="D"),0,I14)+IF(OR(O14="G",O14="D"),0,N14)) | Q14: =IF(OR(B14="",P14=0),"-",RANK.EQ(P14,$P$6:$P$45,0)) | R14: =IF(OR(B14="",I14=0),"-",IF(OR(J14="G",J14="D"),IF(J14="G","G","D"),COUNTIF($I$6:$I$45,">"&I14)+1)) | S14: =IF(OR(B14="",N14=0),"-",IF(OR(O14="G",O14="D"),IF(O14="G","G","D"),COUNTIF($N$6:$N$45,">"&N14)+1))
A15: 10 | I15: =IF(OR(J15="G",J15="D"),0,IF(AND(F15="",G15=""),0,MAX(0,IFERROR(F15+0,0)+IFERROR(G15+0,0)-IFERROR(H15+0,0)))) | N15: =IF(OR(O15="G",O15="D"),0,IF(AND(K15="",L15=""),0,MAX(0,IFERROR(K15+0,0)+IFERROR(L15+0,0)-IFERROR(M15+0,0)))) | P15: =IF(B15="","",IF(OR(J15="G",J15="D"),0,I15)+IF(OR(O15="G",O15="D"),0,N15)) | Q15: =IF(OR(B15="",P15=0),"-",RANK.EQ(P15,$P$6:$P$45,0)) | R15: =IF(OR(B15="",I15=0),"-",IF(OR(J15="G",J15="D"),IF(J15="G","G","D"),COUNTIF($I$6:$I$45,">"&I15)+1)) | S15: =IF(OR(B15="",N15=0),"-",IF(OR(O15="G",O15="D"),IF(O15="G","G","D"),COUNTIF($N$6:$N$45,">"&N15)+1))
A16: 11 | I16: =IF(OR(J16="G",J16="D"),0,IF(AND(F16="",G16=""),0,MAX(0,IFERROR(F16+0,0)+IFERROR(G16+0,0)-IFERROR(H16+0,0)))) | N16: =IF(OR(O16="G",O16="D"),0,IF(AND(K16="",L16=""),0,MAX(0,IFERROR(K16+0,0)+IFERROR(L16+0,0)-IFERROR(M16+0,0)))) | P16: =IF(B16="","",IF(OR(J16="G",J16="D"),0,I16)+IF(OR(O16="G",O16="D"),0,N16)) | Q16: =IF(OR(B16="",P16=0),"-",RANK.EQ(P16,$P$6:$P$45,0)) | R16: =IF(OR(B16="",I16=0),"-",IF(OR(J16="G",J16="D"),IF(J16="G","G","D"),COUNTIF($I$6:$I$45,">"&I16)+1)) | S16: =IF(OR(B16="",N16=0),"-",IF(OR(O16="G",O16="D"),IF(O16="G","G","D"),COUNTIF($N$6:$N$45,">"&N16)+1))
A17: 12 | I17: =IF(OR(J17="G",J17="D"),0,IF(AND(F17="",G17=""),0,MAX(0,IFERROR(F17+0,0)+IFERROR(G17+0,0)-IFERROR(H17+0,0)))) | N17: =IF(OR(O17="G",O17="D"),0,IF(AND(K17="",L17=""),0,MAX(0,IFERROR(K17+0,0)+IFERROR(L17+0,0)-IFERROR(M17+0,0)))) | P17: =IF(B17="","",IF(OR(J17="G",J17="D"),0,I17)+IF(OR(O17="G",O17="D"),0,N17)) | Q17: =IF(OR(B17="",P17=0),"-",RANK.EQ(P17,$P$6:$P$45,0)) | R17: =IF(OR(B17="",I17=0),"-",IF(OR(J17="G",J17="D"),IF(J17="G","G","D"),COUNTIF($I$6:$I$45,">"&I17)+1)) | S17: =IF(OR(B17="",N17=0),"-",IF(OR(O17="G",O17="D"),IF(O17="G","G","D"),COUNTIF($N$6:$N$45,">"&N17)+1))
... A45: 40 | I45: =IF(OR(J45="G",J45="D"),0,IF(AND(F45="",G45=""),0,MAX(0,IFERROR(F45+0,0)+IFERROR(G45+0,0)-IFERROR(H45+0,0)))) | N45: =IF(OR(O45="G",O45="D"),0,IF(AND(K45="",L45=""),0,MAX(0,IFERROR(K45+0,0)+IFERROR(L45+0,0)-IFERROR(M45+0,0)))) | P45: =IF(B45="","",IF(OR(J45="G",J45="D"),0,I45)+IF(OR(O45="G",O45="D"),0,N45)) | Q45: =IF(OR(B45="",P45=0),"-",RANK.EQ(P45,$P$6:$P$45,0)) | R45: =IF(OR(B45="",I45=0),"-",IF(OR(J45="G",J45="D"),IF(J45="G","G","D"),COUNTIF($I$6:$I$45,">"&I45)+1)) | S45: =IF(OR(B45="",N45=0),"-",IF(OR(O45="G",O45="D"),IF(O45="G","G","D"),COUNTIF($N$6:$N$45,">"&N45)+1))
A47: =COUNTA(B6:B45)&" sporcu kayıtlı"

Sheet KÜÇÜK KIZLAR
A1: KÜÇÜK KIZLAR
A2: ='YARIŞMA BİLGİLERİ'!C3&" — "&'YARIŞMA BİLGİLERİ'!C4&" | "&'YARIŞMA BİLGİLERİ'!C5
F3: ATLAMA (VT) | K3: AS.PARALEL (UB) | P3: DENGE (BB) | U3: SERBEST (FX) | AB3: ALET SIRALARI (Eleme Seçimi için)
A4: No | B4: Ad | C4: Soyad | D4: Okul / Kulüp | E4: Tür | F4: D | G4: E | H4: ND | I4: Final | J4: Dur | K4: D | L4: E | M4: ND | N4: Final | O4: Dur | P4: D | Q4: E | R4: ND | S4: Final | T4: Dur | U4: D | V4: E | W4: ND | X4: Final | Y4: Dur | Z4: TOPLAM | AA4: SIRALAMA | AB4: VT | AC4: UB | AD4: BB | AE4: FX
A5: Final = MAX(0, D+E−ND) | Dur: N=Normal · G=Gecersiz · D=Yarışmadı/DNS | Mavi sütun = formül (elle girme) | Yeşil = Toplam | Sarı = Sıralama
A6: 1 | I6: =IF(OR(J6="G",J6="D"),0,IF(AND(F6="",G6=""),0,MAX(0,IFERROR(F6+0,0)+IFERROR(G6+0,0)-IFERROR(H6+0,0)))) | N6: =IF(OR(O6="G",O6="D"),0,IF(AND(K6="",L6=""),0,MAX(0,IFERROR(K6+0,0)+IFERROR(L6+0,0)-IFERROR(M6+0,0)))) | S6: =IF(OR(T6="G",T6="D"),0,IF(AND(P6="",Q6=""),0,MAX(0,IFERROR(P6+0,0)+IFERROR(Q6+0,0)-IFERROR(R6+0,0)))) | X6: =IF(OR(Y6="G",Y6="D"),0,IF(AND(U6="",V6=""),0,MAX(0,IFERROR(U6+0,0)+IFERROR(V6+0,0)-IFERROR(W6+0,0)))) | Z6: =IF(B6="","",IF(OR(J6="G",J6="D"),0,I6)+IF(OR(O6="G",O6="D"),0,N6)+IF(OR(T6="G",T6="D"),0,S6)+IF(OR(Y6="G",Y6="D"),0,X6)) | AA6: =IF(OR(B6="",Z6=0),"-",RANK.EQ(Z6,$Z$6:$Z$45,0)) | AB6: =IF(OR(B6="",I6=0),"-",IF(OR(J6="G",J6="D"),IF(J6="G","G","D"),COUNTIF($I$6:$I$45,">"&I6)+1)) | AC6: =IF(OR(B6="",N6=0),"-",IF(OR(O6="G",O6="D"),IF(O6="G","G","D"),COUNTIF($N$6:$N$45,">"&N6)+1)) | AD6: =IF(OR(B6="",S6=0),"-",IF(OR(T6="G",T6="D"),IF(T6="G","G","D"),COUNTIF($S$6:$S$45,">"&S6)+1)) | AE6: =IF(OR(B6="",X6=0),"-",IF(OR(Y6="G",Y6="D"),IF(Y6="G","G","D"),COUNTIF($X$6:$X$45,">"&X6)+1))
A7: 2 | I7: =IF(OR(J7="G",J7="D"),0,IF(AND(F7="",G7=""),0,MAX(0,IFERROR(F7+0,0)+IFERROR(G7+0,0)-IFERROR(H7+0,0)))) | N7: =IF(OR(O7="G",O7="D"),0,IF(AND(K7="",L7=""),0,MAX(0,IFERROR(K7+0,0)+IFERROR(L7+0,0)-IFERROR(M7+0,0)))) | S7: =IF(OR(T7="G",T7="D"),0,IF(AND(P7="",Q7=""),0,MAX(0,IFERROR(P7+0,0)+IFERROR(Q7+0,0)-IFERROR(R7+0,0)))) | X7: =IF(OR(Y7="G",Y7="D"),0,IF(AND(U7="",V7=""),0,MAX(0,IFERROR(U7+0,0)+IFERROR(V7+0,0)-IFERROR(W7+0,0)))) | Z7: =IF(B7="","",IF(OR(J7="G",J7="D"),0,I7)+IF(OR(O7="G",O7="D"),0,N7)+IF(OR(T7="G",T7="D"),0,S7)+IF(OR(Y7="G",Y7="D"),0,X7)) | AA7: =IF(OR(B7="",Z7=0),"-",RANK.EQ(Z7,$Z$6:$Z$45,0)) | AB7: =IF(OR(B7="",I7=0),"-",IF(OR(J7="G",J7="D"),IF(J7="G","G","D"),COUNTIF($I$6:$I$45,">"&I7)+1)) | AC7: =IF(OR(B7="",N7=0),"-",IF(OR(O7="G",O7="D"),IF(O7="G","G","D"),COUNTIF($N$6:$N$45,">"&N7)+1)) | AD7: =IF(OR(B7="",S7=0),"-",IF(OR(T7="G",T7="D"),IF(T7="G","G","D"),COUNTIF($S$6:$S$45,">"&S7)+1)) | AE7: =IF(OR(B7="",X7=0),"-",IF(OR(Y7="G",Y7="D"),IF(Y7="G","G","D"),COUNTIF($X$6:$X$45,">"&X7)+1))
A8: 3 | I8: =IF(OR(J8="G",J8="D"),0,IF(AND(F8="",G8=""),0,MAX(0,IFERROR(F8+0,0)+IFERROR(G8+0,0)-IFERROR(H8+0,0)))) | N8: =IF(OR(O8="G",O8="D"),0,IF(AND(K8="",L8=""),0,MAX(0,IFERROR(K8+0,0)+IFERROR(L8+0,0)-IFERROR(M8+0,0)))) | S8: =IF(OR(T8="G",T8="D"),0,IF(AND(P8="",Q8=""),0,MAX(0,IFERROR(P8+0,0)+IFERROR(Q8+0,0)-IFERROR(R8+0,0)))) | X8: =IF(OR(Y8="G",Y8="D"),0,IF(AND(U8="",V8=""),0,MAX(0,IFERROR(U8+0,0)+IFERROR(V8+0,0)-IFERROR(W8+0,0)))) | Z8: =IF(B8="","",IF(OR(J8="G",J8="D"),0,I8)+IF(OR(O8="G",O8="D"),0,N8)+IF(OR(T8="G",T8="D"),0,S8)+IF(OR(Y8="G",Y8="D"),0,X8)) | AA8: =IF(OR(B8="",Z8=0),"-",RANK.EQ(Z8,$Z$6:$Z$45,0)) | AB8: =IF(OR(B8="",I8=0),"-",IF(OR(J8="G",J8="D"),IF(J8="G","G","D"),COUNTIF($I$6:$I$45,">"&I8)+1)) | AC8: =IF(OR(B8="",N8=0),"-",IF(OR(O8="G",O8="D"),IF(O8="G","G","D"),COUNTIF($N$6:$N$45,">"&N8)+1)) | AD8: =IF(OR(B8="",S8=0),"-",IF(OR(T8="G",T8="D"),IF(T8="G","G","D"),COUNTIF($S$6:$S$45,">"&S8)+1)) | AE8: =IF(OR(B8="",X8=0),"-",IF(OR(Y8="G",Y8="D"),IF(Y8="G","G","D"),COUNTIF($X$6:$X$45,">"&X8)+1))
A9: 4 | I9: =IF(OR(J9="G",J9="D"),0,IF(AND(F9="",G9=""),0,MAX(0,IFERROR(F9+0,0)+IFERROR(G9+0,0)-IFERROR(H9+0,0)))) | N9: =IF(OR(O9="G",O9="D"),0,IF(AND(K9="",L9=""),0,MAX(0,IFERROR(K9+0,0)+IFERROR(L9+0,0)-IFERROR(M9+0,0)))) | S9: =IF(OR(T9="G",T9="D"),0,IF(AND(P9="",Q9=""),0,MAX(0,IFERROR(P9+0,0)+IFERROR(Q9+0,0)-IFERROR(R9+0,0)))) | X9: =IF(OR(Y9="G",Y9="D"),0,IF(AND(U9="",V9=""),0,MAX(0,IFERROR(U9+0,0)+IFERROR(V9+0,0)-IFERROR(W9+0,0)))) | Z9: =IF(B9="","",IF(OR(J9="G",J9="D"),0,I9)+IF(OR(O9="G",O9="D"),0,N9)+IF(OR(T9="G",T9="D"),0,S9)+IF(OR(Y9="G",Y9="D"),0,X9)) | AA9: =IF(OR(B9="",Z9=0),"-",RANK.EQ(Z9,$Z$6:$Z$45,0)) | AB9: =IF(OR(B9="",I9=0),"-",IF(OR(J9="G",J9="D"),IF(J9="G","G","D"),COUNTIF($I$6:$I$45,">"&I9)+1)) | AC9: =IF(OR(B9="",N9=0),"-",IF(OR(O9="G",O9="D"),IF(O9="G","G","D"),COUNTIF($N$6:$N$45,">"&N9)+1)) | AD9: =IF(OR(B9="",S9=0),"-",IF(OR(T9="G",T9="D"),IF(T9="G","G","D"),COUNTIF($S$6:$S$45,">"&S9)+1)) | AE9: =IF(OR(B9="",X9=0),"-",IF(OR(Y9="G",Y9="D"),IF(Y9="G","G","D"),COUNTIF($X$6:$X$45,">"&X9)+1))
A10: 5 | I10: =IF(OR(J10="G",J10="D"),0,IF(AND(F10="",G10=""),0,MAX(0,IFERROR(F10+0,0)+IFERROR(G10+0,0)-IFERROR(H10+0,0)))) | N10: =IF(OR(O10="G",O10="D"),0,IF(AND(K10="",L10=""),0,MAX(0,IFERROR(K10+0,0)+IFERROR(L10+0,0)-IFERROR(M10+0,0)))) | S10: =IF(OR(T10="G",T10="D"),0,IF(AND(P10="",Q10=""),0,MAX(0,IFERROR(P10+0,0)+IFERROR(Q10+0,0)-IFERROR(R10+0,0)))) | X10: =IF(OR(Y10="G",Y10="D"),0,IF(AND(U10="",V10=""),0,MAX(0,IFERROR(U10+0,0)+IFERROR(V10+0,0)-IFERROR(W10+0,0)))) | Z10: =IF(B10="","",IF(OR(J10="G",J10="D"),0,I10)+IF(OR(O10="G",O10="D"),0,N10)+IF(OR(T10="G",T10="D"),0,S10)+IF(OR(Y10="G",Y10="D"),0,X10)) | AA10: =IF(OR(B10="",Z10=0),"-",RANK.EQ(Z10,$Z$6:$Z$45,0)) | AB10: =IF(OR(B10="",I10=0),"-",IF(OR(J10="G",J10="D"),IF(J10="G","G","D"),COUNTIF($I$6:$I$45,">"&I10)+1)) | AC10: =IF(OR(B10="",N10=0),"-",IF(OR(O10="G",O10="D"),IF(O10="G","G","D"),COUNTIF($N$6:$N$45,">"&N10)+1)) | AD10: =IF(OR(B10="",S10=0),"-",IF(OR(T10="G",T10="D"),IF(T10="G","G","D"),COUNTIF($S$6:$S$45,">"&S10)+1)) | AE10: =IF(OR(B10="",X10=0),"-",IF(OR(Y10="G",Y10="D"),IF(Y10="G","G","D"),COUNTIF($X$6:$X$45,">"&X10)+1))
A11: 6 | I11: =IF(OR(J11="G",J11="D"),0,IF(AND(F11="",G11=""),0,MAX(0,IFERROR(F11+0,0)+IFERROR(G11+0,0)-IFERROR(H11+0,0)))) | N11: =IF(OR(O11="G",O11="D"),0,IF(AND(K11="",L11=""),0,MAX(0,IFERROR(K11+0,0)+IFERROR(L11+0,0)-IFERROR(M11+0,0)))) | S11: =IF(OR(T11="G",T11="D"),0,IF(AND(P11="",Q11=""),0,MAX(0,IFERROR(P11+0,0)+IFERROR(Q11+0,0)-IFERROR(R11+0,0)))) | X11: =IF(OR(Y11="G",Y11="D"),0,IF(AND(U11="",V11=""),0,MAX(0,IFERROR(U11+0,0)+IFERROR(V11+0,0)-IFERROR(W11+0,0)))) | Z11: =IF(B11="","",IF(OR(J11="G",J11="D"),0,I11)+IF(OR(O11="G",O11="D"),0,N11)+IF(OR(T11="G",T11="D"),0,S11)+IF(OR(Y11="G",Y11="D"),0,X11)) | AA11: =IF(OR(B11="",Z11=0),"-",RANK.EQ(Z11,$Z$6:$Z$45,0)) | AB11: =IF(OR(B11="",I11=0),"-",IF(OR(J11="G",J11="D"),IF(J11="G","G","D"),COUNTIF($I$6:$I$45,">"&I11)+1)) | AC11: =IF(OR(B11="",N11=0),"-",IF(OR(O11="G",O11="D"),IF(O11="G","G","D"),COUNTIF($N$6:$N$45,">"&N11)+1)) | AD11: =IF(OR(B11="",S11=0),"-",IF(OR(T11="G",T11="D"),IF(T11="G","G","D"),COUNTIF($S$6:$S$45,">"&S11)+1)) | AE11: =IF(OR(B11="",X11=0),"-",IF(OR(Y11="G",Y11="D"),IF(Y11="G","G","D"),COUNTIF($X$6:$X$45,">"&X11)+1))
A12: 7 | I12: =IF(OR(J12="G",J12="D"),0,IF(AND(F12="",G12=""),0,MAX(0,IFERROR(F12+0,0)+IFERROR(G12+0,0)-IFERROR(H12+0,0)))) | N12: =IF(OR(O12="G",O12="D"),0,IF(AND(K12="",L12=""),0,MAX(0,IFERROR(K12+0,0)+IFERROR(L12+0,0)-IFERROR(M12+0,0)))) | S12: =IF(OR(T12="G",T12="D"),0,IF(AND(P12="",Q12=""),0,MAX(0,IFERROR(P12+0,0)+IFERROR(Q12+0,0)-IFERROR(R12+0,0)))) | X12: =IF(OR(Y12="G",Y12="D"),0,IF(AND(U12="",V12=""),0,MAX(0,IFERROR(U12+0,0)+IFERROR(V12+0,0)-IFERROR(W12+0,0)))) | Z12: =IF(B12="","",IF(OR(J12="G",J12="D"),0,I12)+IF(OR(O12="G",O12="D"),0,N12)+IF(OR(T12="G",T12="D"),0,S12)+IF(OR(Y12="G",Y12="D"),0,X12)) | AA12: =IF(OR(B12="",Z12=0),"-",RANK.EQ(Z12,$Z$6:$Z$45,0)) | AB12: =IF(OR(B12="",I12=0),"-",IF(OR(J12="G",J12="D"),IF(J12="G","G","D"),COUNTIF($I$6:$I$45,">"&I12)+1)) | AC12: =IF(OR(B12="",N12=0),"-",IF(OR(O12="G",O12="D"),IF(O12="G","G","D"),COUNTIF($N$6:$N$45,">"&N12)+1)) | AD12: =IF(OR(B12="",S12=0),"-",IF(OR(T12="G",T12="D"),IF(T12="G","G","D"),COUNTIF($S$6:$S$45,">"&S12)+1)) | AE12: =IF(OR(B12="",X12=0),"-",IF(OR(Y12="G",Y12="D"),IF(Y12="G","G","D"),COUNTIF($X$6:$X$45,">"&X12)+1))
A13: 8 | I13: =IF(OR(J13="G",J13="D"),0,IF(AND(F13="",G13=""),0,MAX(0,IFERROR(F13+0,0)+IFERROR(G13+0,0)-IFERROR(H13+0,0)))) | N13: =IF(OR(O13="G",O13="D"),0,IF(AND(K13="",L13=""),0,MAX(0,IFERROR(K13+0,0)+IFERROR(L13+0,0)-IFERROR(M13+0,0)))) | S13: =IF(OR(T13="G",T13="D"),0,IF(AND(P13="",Q13=""),0,MAX(0,IFERROR(P13+0,0)+IFERROR(Q13+0,0)-IFERROR(R13+0,0)))) | X13: =IF(OR(Y13="G",Y13="D"),0,IF(AND(U13="",V13=""),0,MAX(0,IFERROR(U13+0,0)+IFERROR(V13+0,0)-IFERROR(W13+0,0)))) | Z13: =IF(B13="","",IF(OR(J13="G",J13="D"),0,I13)+IF(OR(O13="G",O13="D"),0,N13)+IF(OR(T13="G",T13="D"),0,S13)+IF(OR(Y13="G",Y13="D"),0,X13)) | AA13: =IF(OR(B13="",Z13=0),"-",RANK.EQ(Z13,$Z$6:$Z$45,0)) | AB13: =IF(OR(B13="",I13=0),"-",IF(OR(J13="G",J13="D"),IF(J13="G","G","D"),COUNTIF($I$6:$I$45,">"&I13)+1)) | AC13: =IF(OR(B13="",N13=0),"-",IF(OR(O13="G",O13="D"),IF(O13="G","G","D"),COUNTIF($N$6:$N$45,">"&N13)+1)) | AD13: =IF(OR(B13="",S13=0),"-",IF(OR(T13="G",T13="D"),IF(T13="G","G","D"),COUNTIF($S$6:$S$45,">"&S13)+1)) | AE13: =IF(OR(B13="",X13=0),"-",IF(OR(Y13="G",Y13="D"),IF(Y13="G","G","D"),COUNTIF($X$6:$X$45,">"&X13)+1))
A14: 9 | I14: =IF(OR(J14="G",J14="D"),0,IF(AND(F14="",G14=""),0,MAX(0,IFERROR(F14+0,0)+IFERROR(G14+0,0)-IFERROR(H14+0,0)))) | N14: =IF(OR(O14="G",O14="D"),0,IF(AND(K14="",L14=""),0,MAX(0,IFERROR(K14+0,0)+IFERROR(L14+0,0)-IFERROR(M14+0,0)))) | S14: =IF(OR(T14="G",T14="D"),0,IF(AND(P14="",Q14=""),0,MAX(0,IFERROR(P14+0,0)+IFERROR(Q14+0,0)-IFERROR(R14+0,0)))) | X14: =IF(OR(Y14="G",Y14="D"),0,IF(AND(U14="",V14=""),0,MAX(0,IFERROR(U14+0,0)+IFERROR(V14+0,0)-IFERROR(W14+0,0)))) | Z14: =IF(B14="","",IF(OR(J14="G",J14="D"),0,I14)+IF(OR(O14="G",O14="D"),0,N14)+IF(OR(T14="G",T14="D"),0,S14)+IF(OR(Y14="G",Y14="D"),0,X14)) | AA14: =IF(OR(B14="",Z14=0),"-",RANK.EQ(Z14,$Z$6:$Z$45,0)) | AB14: =IF(OR(B14="",I14=0),"-",IF(OR(J14="G",J14="D"),IF(J14="G","G","D"),COUNTIF($I$6:$I$45,">"&I14)+1)) | AC14: =IF(OR(B14="",N14=0),"-",IF(OR(O14="G",O14="D"),IF(O14="G","G","D"),COUNTIF($N$6:$N$45,">"&N14)+1)) | AD14: =IF(OR(B14="",S14=0),"-",IF(OR(T14="G",T14="D"),IF(T14="G","G","D"),COUNTIF($S$6:$S$45,">"&S14)+1)) | AE14: =IF(OR(B14="",X14=0),"-",IF(OR(Y14="G",Y14="D"),IF(Y14="G","G","D"),COUNTIF($X$6:$X$45,">"&X14)+1))
A15: 10 | I15: =IF(OR(J15="G",J15="D"),0,IF(AND(F15="",G15=""),0,MAX(0,IFERROR(F15+0,0)+IFERROR(G15+0,0)-IFERROR(H15+0,0)))) | N15: =IF(OR(O15="G",O15="D"),0,IF(AND(K15="",L15=""),0,MAX(0,IFERROR(K15+0,0)+IFERROR(L15+0,0)-IFERROR(M15+0,0)))) | S15: =IF(OR(T15="G",T15="D"),0,IF(AND(P15="",Q15=""),0,MAX(0,IFERROR(P15+0,0)+IFERROR(Q15+0,0)-IFERROR(R15+0,0)))) | X15: =IF(OR(Y15="G",Y15="D"),0,IF(AND(U15="",V15=""),0,MAX(0,IFERROR(U15+0,0)+IFERROR(V15+0,0)-IFERROR(W15+0,0)))) | Z15: =IF(B15="","",IF(OR(J15="G",J15="D"),0,I15)+IF(OR(O15="G",O15="D"),0,N15)+IF(OR(T15="G",T15="D"),0,S15)+IF(OR(Y15="G",Y15="D"),0,X15)) | AA15: =IF(OR(B15="",Z15=0),"-",RANK.EQ(Z15,$Z$6:$Z$45,0)) | AB15: =IF(OR(B15="",I15=0),"-",IF(OR(J15="G",J15="D"),IF(J15="G","G","D"),COUNTIF($I$6:$I$45,">"&I15)+1)) | AC15: =IF(OR(B15="",N15=0),"-",IF(OR(O15="G",O15="D"),IF(O15="G","G","D"),COUNTIF($N$6:$N$45,">"&N15)+1)) | AD15: =IF(OR(B15="",S15=0),"-",IF(OR(T15="G",T15="D"),IF(T15="G","G","D"),COUNTIF($S$6:$S$45,">"&S15)+1)) | AE15: =IF(OR(B15="",X15=0),"-",IF(OR(Y15="G",Y15="D"),IF(Y15="G","G","D"),COUNTIF($X$6:$X$45,">"&X15)+1))
A16: 11 | I16: =IF(OR(J16="G",J16="D"),0,IF(AND(F16="",G16=""),0,MAX(0,IFERROR(F16+0,0)+IFERROR(G16+0,0)-IFERROR(H16+0,0)))) | N16: =IF(OR(O16="G",O16="D"),0,IF(AND(K16="",L16=""),0,MAX(0,IFERROR(K16+0,0)+IFERROR(L16+0,0)-IFERROR(M16+0,0)))) | S16: =IF(OR(T16="G",T16="D"),0,IF(AND(P16="",Q16=""),0,MAX(0,IFERROR(P16+0,0)+IFERROR(Q16+0,0)-IFERROR(R16+0,0)))) | X16: =IF(OR(Y16="G",Y16="D"),0,IF(AND(U16="",V16=""),0,MAX(0,IFERROR(U16+0,0)+IFERROR(V16+0,0)-IFERROR(W16+0,0)))) | Z16: =IF(B16="","",IF(OR(J16="G",J16="D"),0,I16)+IF(OR(O16="G",O16="D"),0,N16)+IF(OR(T16="G",T16="D"),0,S16)+IF(OR(Y16="G",Y16="D"),0,X16)) | AA16: =IF(OR(B16="",Z16=0),"-",RANK.EQ(Z16,$Z$6:$Z$45,0)) | AB16: =IF(OR(B16="",I16=0),"-",IF(OR(J16="G",J16="D"),IF(J16="G","G","D"),COUNTIF($I$6:$I$45,">"&I16)+1)) | AC16: =IF(OR(B16="",N16=0),"-",IF(OR(O16="G",O16="D"),IF(O16="G","G","D"),COUNTIF($N$6:$N$45,">"&N16)+1)) | AD16: =IF(OR(B16="",S16=0),"-",IF(OR(T16="G",T16="D"),IF(T16="G","G","D"),COUNTIF($S$6:$S$45,">"&S16)+1)) | AE16: =IF(OR(B16="",X16=0),"-",IF(OR(Y16="G",Y16="D"),IF(Y16="G","G","D"),COUNTIF($X$6:$X$45,">"&X16)+1))
A17: 12 | I17: =IF(OR(J17="G",J17="D"),0,IF(AND(F17="",G17=""),0,MAX(0,IFERROR(F17+0,0)+IFERROR(G17+0,0)-IFERROR(H17+0,0)))) | N17: =IF(OR(O17="G",O17="D"),0,IF(AND(K17="",L17=""),0,MAX(0,IFERROR(K17+0,0)+IFERROR(L17+0,0)-IFERROR(M17+0,0)))) | S17: =IF(OR(T17="G",T17="D"),0,IF(AND(P17="",Q17=""),0,MAX(0,IFERROR(P17+0,0)+IFERROR(Q17+0,0)-IFERROR(R17+0,0)))) | X17: =IF(OR(Y17="G",Y17="D"),0,IF(AND(U17="",V17=""),0,MAX(0,IFERROR(U17+0,0)+IFERROR(V17+0,0)-IFERROR(W17+0,0)))) | Z17: =IF(B17="","",IF(OR(J17="G",J17="D"),0,I17)+IF(OR(O17="G",O17="D"),0,N17)+IF(OR(T17="G",T17="D"),0,S17)+IF(OR(Y17="G",Y17="D"),0,X17)) | AA17: =IF(OR(B17="",Z17=0),"-",RANK.EQ(Z17,$Z$6:$Z$45,0)) | AB17: =IF(OR(B17="",I17=0),"-",IF(OR(J17="G",J17="D"),IF(J17="G","G","D"),COUNTIF($I$6:$I$45,">"&I17)+1)) | AC17: =IF(OR(B17="",N17=0),"-",IF(OR(O17="G",O17="D"),IF(O17="G","G","D"),COUNTIF($N$6:$N$45,">"&N17)+1)) | AD17: =IF(OR(B17="",S17=0),"-",IF(OR(T17="G",T17="D"),IF(T17="G","G","D"),COUNTIF($S$6:$S$45,">"&S17)+1)) | AE17: =IF(OR(B17="",X17=0),"-",IF(OR(Y17="G",Y17="D"),IF(Y17="G","G","D"),COUNTIF($X$6:$X$45,">"&X17)+1))
... A45: 40 | I45: =IF(OR(J45="G",J45="D"),0,IF(AND(F45="",G45=""),0,MAX(0,IFERROR(F45+0,0)+IFERROR(G45+0,0)-IFERROR(H45+0,0)))) | N45: =IF(OR(O45="G",O45="D"),0,IF(AND(K45="",L45=""),0,MAX(0,IFERROR(K45+0,0)+IFERROR(L45+0,0)-IFERROR(M45+0,0)))) | S45: =IF(OR(T45="G",T45="D"),0,IF(AND(P45="",Q45=""),0,MAX(0,IFERROR(P45+0,0)+IFERROR(Q45+0,0)-IFERROR(R45+0,0)))) | X45: =IF(OR(Y45="G",Y45="D"),0,IF(AND(U45="",V45=""),0,MAX(0,IFERROR(U45+0,0)+IFERROR(V45+0,0)-IFERROR(W45+0,0)))) | Z45: =IF(B45="","",IF(OR(J45="G",J45="D"),0,I45)+IF(OR(O45="G",O45="D"),0,N45)+IF(OR(T45="G",T45="D"),0,S45)+IF(OR(Y45="G",Y45="D"),0,X45)) | AA45: =IF(OR(B45="",Z45=0),"-",RANK.EQ(Z45,$Z$6:$Z$45,0)) | AB45: =IF(OR(B45="",I45=0),"-",IF(OR(J45="G",J45="D"),IF(J45="G","G","D"),COUNTIF($I$6:$I$45,">"&I45)+1)) | AC45: =IF(OR(B45="",N45=0),"-",IF(OR(O45="G",O45="D"),IF(O45="G","G","D"),COUNTIF($N$6:$N$45,">"&N45)+1)) | AD45: =IF(OR(B45="",S45=0),"-",IF(OR(T45="G",T45="D"),IF(T45="G","G","D"),COUNTIF($S$6:$S$45,">"&S45)+1)) | AE45: =IF(OR(B45="",X45=0),"-",IF(OR(Y45="G",Y45="D"),IF(Y45="G","G","D"),COUNTIF($X$6:$X$45,">"&X45)+1))
A47: =COUNTA(B6:B45)&" sporcu kayıtlı"

Sheet KÜÇÜK ERKEKLER
A1: KÜÇÜK ERKEKLER
A2: ='YARIŞMA BİLGİLERİ'!C3&" — "&'YARIŞMA BİLGİLERİ'!C4&" | "&'YARIŞMA BİLGİLERİ'!C5
F3: YER (FX) | K3: ATLAMA (VT) | P3: PARALEL (PB) | U3: BARFIKS (HB) | AB3: ALET SIRALARI (Eleme Seçimi için)
A4: No | B4: Ad | C4: Soyad | D4: Okul / Kulüp | E4: Tür | F4: D | G4: E | H4: ND | I4: Final | J4: Dur | K4: D | L4: E | M4: ND | N4: Final | O4: Dur | P4: D | Q4: E | R4: ND | S4: Final | T4: Dur | U4: D | V4: E | W4: ND | X4: Final | Y4: Dur | Z4: TOPLAM | AA4: SIRALAMA | AB4: FX | AC4: VT | AD4: PB | AE4: HB
A5: Final = MAX(0, D+E−ND) | Dur: N=Normal · G=Gecersiz · D=Yarışmadı/DNS | Mavi sütun = formül (elle girme) | Yeşil = Toplam | Sarı = Sıralama
A6: 1 | I6: =IF(OR(J6="G",J6="D"),0,IF(AND(F6="",G6=""),0,MAX(0,IFERROR(F6+0,0)+IFERROR(G6+0,0)-IFERROR(H6+0,0)))) | N6: =IF(OR(O6="G",O6="D"),0,IF(AND(K6="",L6=""),0,MAX(0,IFERROR(K6+0,0)+IFERROR(L6+0,0)-IFERROR(M6+0,0)))) | S6: =IF(OR(T6="G",T6="D"),0,IF(AND(P6="",Q6=""),0,MAX(0,IFERROR(P6+0,0)+IFERROR(Q6+0,0)-IFERROR(R6+0,0)))) | X6: =IF(OR(Y6="G",Y6="D"),0,IF(AND(U6="",V6=""),0,MAX(0,IFERROR(U6+0,0)+IFERROR(V6+0,0)-IFERROR(W6+0,0)))) | Z6: =IF(B6="","",IF(OR(J6="G",J6="D"),0,I6)+IF(OR(O6="G",O6="D"),0,N6)+IF(OR(T6="G",T6="D"),0,S6)+IF(OR(Y6="G",Y6="D"),0,X6)) | AA6: =IF(OR(B6="",Z6=0),"-",RANK.EQ(Z6,$Z$6:$Z$45,0)) | AB6: =IF(OR(B6="",I6=0),"-",IF(OR(J6="G",J6="D"),IF(J6="G","G","D"),COUNTIF($I$6:$I$45,">"&I6)+1)) | AC6: =IF(OR(B6="",N6=0),"-",IF(OR(O6="G",O6="D"),IF(O6="G","G","D"),COUNTIF($N$6:$N$45,">"&N6)+1)) | AD6: =IF(OR(B6="",S6=0),"-",IF(OR(T6="G",T6="D"),IF(T6="G","G","D"),COUNTIF($S$6:$S$45,">"&S6)+1)) | AE6: =IF(OR(B6="",X6=0),"-",IF(OR(Y6="G",Y6="D"),IF(Y6="G","G","D"),COUNTIF($X$6:$X$45,">"&X6)+1))
A7: 2 | I7: =IF(OR(J7="G",J7="D"),0,IF(AND(F7="",G7=""),0,MAX(0,IFERROR(F7+0,0)+IFERROR(G7+0,0)-IFERROR(H7+0,0)))) | N7: =IF(OR(O7="G",O7="D"),0,IF(AND(K7="",L7=""),0,MAX(0,IFERROR(K7+0,0)+IFERROR(L7+0,0)-IFERROR(M7+0,0)))) | S7: =IF(OR(T7="G",T7="D"),0,IF(AND(P7="",Q7=""),0,MAX(0,IFERROR(P7+0,0)+IFERROR(Q7+0,0)-IFERROR(R7+0,0)))) | X7: =IF(OR(Y7="G",Y7="D"),0,IF(AND(U7="",V7=""),0,MAX(0,IFERROR(U7+0,0)+IFERROR(V7+0,0)-IFERROR(W7+0,0)))) | Z7: =IF(B7="","",IF(OR(J7="G",J7="D"),0,I7)+IF(OR(O7="G",O7="D"),0,N7)+IF(OR(T7="G",T7="D"),0,S7)+IF(OR(Y7="G",Y7="D"),0,X7)) | AA7: =IF(OR(B7="",Z7=0),"-",RANK.EQ(Z7,$Z$6:$Z$45,0)) | AB7: =IF(OR(B7="",I7=0),"-",IF(OR(J7="G",J7="D"),IF(J7="G","G","D"),COUNTIF($I$6:$I$45,">"&I7)+1)) | AC7: =IF(OR(B7="",N7=0),"-",IF(OR(O7="G",O7="D"),IF(O7="G","G","D"),COUNTIF($N$6:$N$45,">"&N7)+1)) | AD7: =IF(OR(B7="",S7=0),"-",IF(OR(T7="G",T7="D"),IF(T7="G","G","D"),COUNTIF($S$6:$S$45,">"&S7)+1)) | AE7: =IF(OR(B7="",X7=0),"-",IF(OR(Y7="G",Y7="D"),IF(Y7="G","G","D"),COUNTIF($X$6:$X$45,">"&X7)+1))
A8: 3 | I8: =IF(OR(J8="G",J8="D"),0,IF(AND(F8="",G8=""),0,MAX(0,IFERROR(F8+0,0)+IFERROR(G8+0,0)-IFERROR(H8+0,0)))) | N8: =IF(OR(O8="G",O8="D"),0,IF(AND(K8="",L8=""),0,MAX(0,IFERROR(K8+0,0)+IFERROR(L8+0,0)-IFERROR(M8+0,0)))) | S8: =IF(OR(T8="G",T8="D"),0,IF(AND(P8="",Q8=""),0,MAX(0,IFERROR(P8+0,0)+IFERROR(Q8+0,0)-IFERROR(R8+0,0)))) | X8: =IF(OR(Y8="G",Y8="D"),0,IF(AND(U8="",V8=""),0,MAX(0,IFERROR(U8+0,0)+IFERROR(V8+0,0)-IFERROR(W8+0,0)))) | Z8: =IF(B8="","",IF(OR(J8="G",J8="D"),0,I8)+IF(OR(O8="G",O8="D"),0,N8)+IF(OR(T8="G",T8="D"),0,S8)+IF(OR(Y8="G",Y8="D"),0,X8)) | AA8: =IF(OR(B8="",Z8=0),"-",RANK.EQ(Z8,$Z$6:$Z$45,0)) | AB8: =IF(OR(B8="",I8=0),"-",IF(OR(J8="G",J8="D"),IF(J8="G","G","D"),COUNTIF($I$6:$I$45,">"&I8)+1)) | AC8: =IF(OR(B8="",N8=0),"-",IF(OR(O8="G",O8="D"),IF(O8="G","G","D"),COUNTIF($N$6:$N$45,">"&N8)+1)) | AD8: =IF(OR(B8="",S8=0),"-",IF(OR(T8="G",T8="D"),IF(T8="G","G","D"),COUNTIF($S$6:$S$45,">"&S8)+1)) | AE8: =IF(OR(B8="",X8=0),"-",IF(OR(Y8="G",Y8="D"),IF(Y8="G","G","D"),COUNTIF($X$6:$X$45,">"&X8)+1))
A9: 4 | I9: =IF(OR(J9="G",J9="D"),0,IF(AND(F9="",G9=""),0,MAX(0,IFERROR(F9+0,0)+IFERROR(G9+0,0)-IFERROR(H9+0,0)))) | N9: =IF(OR(O9="G",O9="D"),0,IF(AND(K9="",L9=""),0,MAX(0,IFERROR(K9+0,0)+IFERROR(L9+0,0)-IFERROR(M9+0,0)))) | S9: =IF(OR(T9="G",T9="D"),0,IF(AND(P9="",Q9=""),0,MAX(0,IFERROR(P9+0,0)+IFERROR(Q9+0,0)-IFERROR(R9+0,0)))) | X9: =IF(OR(Y9="G",Y9="D"),0,IF(AND(U9="",V9=""),0,MAX(0,IFERROR(U9+0,0)+IFERROR(V9+0,0)-IFERROR(W9+0,0)))) | Z9: =IF(B9="","",IF(OR(J9="G",J9="D"),0,I9)+IF(OR(O9="G",O9="D"),0,N9)+IF(OR(T9="G",T9="D"),0,S9)+IF(OR(Y9="G",Y9="D"),0,X9)) | AA9: =IF(OR(B9="",Z9=0),"-",RANK.EQ(Z9,$Z$6:$Z$45,0)) | AB9: =IF(OR(B9="",I9=0),"-",IF(OR(J9="G",J9="D"),IF(J9="G","G","D"),COUNTIF($I$6:$I$45,">"&I9)+1)) | AC9: =IF(OR(B9="",N9=0),"-",IF(OR(O9="G",O9="D"),IF(O9="G","G","D"),COUNTIF($N$6:$N$45,">"&N9)+1)) | AD9: =IF(OR(B9="",S9=0),"-",IF(OR(T9="G",T9="D"),IF(T9="G","G","D"),COUNTIF($S$6:$S$45,">"&S9)+1)) | AE9: =IF(OR(B9="",X9=0),"-",IF(OR(Y9="G",Y9="D"),IF(Y9="G","G","D"),COUNTIF($X$6:$X$45,">"&X9)+1))
A10: 5 | I10: =IF(OR(J10="G",J10="D"),0,IF(AND(F10="",G10=""),0,MAX(0,IFERROR(F10+0,0)+IFERROR(G10+0,0)-IFERROR(H10+0,0)))) | N10: =IF(OR(O10="G",O10="D"),0,IF(AND(K10="",L10=""),0,MAX(0,IFERROR(K10+0,0)+IFERROR(L10+0,0)-IFERROR(M10+0,0)))) | S10: =IF(OR(T10="G",T10="D"),0,IF(AND(P10="",Q10=""),0,MAX(0,IFERROR(P10+0,0)+IFERROR(Q10+0,0)-IFERROR(R10+0,0)))) | X10: =IF(OR(Y10="G",Y10="D"),0,IF(AND(U10="",V10=""),0,MAX(0,IFERROR(U10+0,0)+IFERROR(V10+0,0)-IFERROR(W10+0,0)))) | Z10: =IF(B10="","",IF(OR(J10="G",J10="D"),0,I10)+IF(OR(O10="G",O10="D"),0,N10)+IF(OR(T10="G",T10="D"),0,S10)+IF(OR(Y10="G",Y10="D"),0,X10)) | AA10: =IF(OR(B10="",Z10=0),"-",RANK.EQ(Z10,$Z$6:$Z$45,0)) | AB10: =IF(OR(B10="",I10=0),"-",IF(OR(J10="G",J10="D"),IF(J10="G","G","D"),COUNTIF($I$6:$I$45,">"&I10)+1)) | AC10: =IF(OR(B10="",N10=0),"-",IF(OR(O10="G",O10="D"),IF(O10="G","G","D"),COUNTIF($N$6:$N$45,">"&N10)+1)) | AD10: =IF(OR(B10="",S10=0),"-",IF(OR(T10="G",T10="D"),IF(T10="G","G","D"),COUNTIF($S$6:$S$45,">"&S10)+1)) | AE10: =IF(OR(B10="",X10=0),"-",IF(OR(Y10="G",Y10="D"),IF(Y10="G","G","D"),COUNTIF($X$6:$X$45,">"&X10)+1))
A11: 6 | I11: =IF(OR(J11="G",J11="D"),0,IF(AND(F11="",G11=""),0,MAX(0,IFERROR(F11+0,0)+IFERROR(G11+0,0)-IFERROR(H11+0,0)))) | N11: =IF(OR(O11="G",O11="D"),0,IF(AND(K11="",L11=""),0,MAX(0,IFERROR(K11+0,0)+IFERROR(L11+0,0)-IFERROR(M11+0,0)))) | S11: =IF(OR(T11="G",T11="D"),0,IF(AND(P11="",Q11=""),0,MAX(0,IFERROR(P11+0,0)+IFERROR(Q11+0,0)-IFERROR(R11+0,0)))) | X11: =IF(OR(Y11="G",Y11="D"),0,IF(AND(U11="",V11=""),0,MAX(0,IFERROR(U11+0,0)+IFERROR(V11+0,0)-IFERROR(W11+0,0)))) | Z11: =IF(B11="","",IF(OR(J11="G",J11="D"),0,I11)+IF(OR(O11="G",O11="D"),0,N11)+IF(OR(T11="G",T11="D"),0,S11)+IF(OR(Y11="G",Y11="D"),0,X11)) | AA11: =IF(OR(B11="",Z11=0),"-",RANK.EQ(Z11,$Z$6:$Z$45,0)) | AB11: =IF(OR(B11="",I11=0),"-",IF(OR(J11="G",J11="D"),IF(J11="G","G","D"),COUNTIF($I$6:$I$45,">"&I11)+1)) | AC11: =IF(OR(B11="",N11=0),"-",IF(OR(O11="G",O11="D"),IF(O11="G","G","D"),COUNTIF($N$6:$N$45,">"&N11)+1)) | AD11: =IF(OR(B11="",S11=0),"-",IF(OR(T11="G",T11="D"),IF(T11="G","G","D"),COUNTIF($S$6:$S$45,">"&S11)+1)) | AE11: =IF(OR(B11="",X11=0),"-",IF(OR(Y11="G",Y11="D"),IF(Y11="G","G","D"),COUNTIF($X$6:$X$45,">"&X11)+1))
A12: 7 | I12: =IF(OR(J12="G",J12="D"),0,IF(AND(F12="",G12=""),0,MAX(0,IFERROR(F12+0,0)+IFERROR(G12+0,0)-IFERROR(H12+0,0)))) | N12: =IF(OR(O12="G",O12="D"),0,IF(AND(K12="",L12=""),0,MAX(0,IFERROR(K12+0,0)+IFERROR(L12+0,0)-IFERROR(M12+0,0)))) | S12: =IF(OR(T12="G",T12="D"),0,IF(AND(P12="",Q12=""),0,MAX(0,IFERROR(P12+0,0)+IFERROR(Q12+0,0)-IFERROR(R12+0,0)))) | X12: =IF(OR(Y12="G",Y12="D"),0,IF(AND(U12="",V12=""),0,MAX(0,IFERROR(U12+0,0)+IFERROR(V12+0,0)-IFERROR(W12+0,0)))) | Z12: =IF(B12="","",IF(OR(J12="G",J12="D"),0,I12)+IF(OR(O12="G",O12="D"),0,N12)+IF(OR(T12="G",T12="D"),0,S12)+IF(OR(Y12="G",Y12="D"),0,X12)) | AA12: =IF(OR(B12="",Z12=0),"-",RANK.EQ(Z12,$Z$6:$Z$45,0)) | AB12: =IF(OR(B12="",I12=0),"-",IF(OR(J12="G",J12="D"),IF(J12="G","G","D"),COUNTIF($I$6:$I$45,">"&I12)+1)) | AC12: =IF(OR(B12="",N12=0),"-",IF(OR(O12="G",O12="D"),IF(O12="G","G","D"),COUNTIF($N$6:$N$45,">"&N12)+1)) | AD12: =IF(OR(B12="",S12=0),"-",IF(OR(T12="G",T12="D"),IF(T12="G","G","D"),COUNTIF($S$6:$S$45,">"&S12)+1)) | AE12: =IF(OR(B12="",X12=0),"-",IF(OR(Y12="G",Y12="D"),IF(Y12="G","G","D"),COUNTIF($X$6:$X$45,">"&X12)+1))
A13: 8 | I13: =IF(OR(J13="G",J13="D"),0,IF(AND(F13="",G13=""),0,MAX(0,IFERROR(F13+0,0)+IFERROR(G13+0,0)-IFERROR(H13+0,0)))) | N13: =IF(OR(O13="G",O13="D"),0,IF(AND(K13="",L13=""),0,MAX(0,IFERROR(K13+0,0)+IFERROR(L13+0,0)-IFERROR(M13+0,0)))) | S13: =IF(OR(T13="G",T13="D"),0,IF(AND(P13="",Q13=""),0,MAX(0,IFERROR(P13+0,0)+IFERROR(Q13+0,0)-IFERROR(R13+0,0)))) | X13: =IF(OR(Y13="G",Y13="D"),0,IF(AND(U13="",V13=""),0,MAX(0,IFERROR(U13+0,0)+IFERROR(V13+0,0)-IFERROR(W13+0,0)))) | Z13: =IF(B13="","",IF(OR(J13="G",J13="D"),0,I13)+IF(OR(O13="G",O13="D"),0,N13)+IF(OR(T13="G",T13="D"),0,S13)+IF(OR(Y13="G",Y13="D"),0,X13)) | AA13: =IF(OR(B13="",Z13=0),"-",RANK.EQ(Z13,$Z$6:$Z$45,0)) | AB13: =IF(OR(B13="",I13=0),"-",IF(OR(J13="G",J13="D"),IF(J13="G","G","D"),COUNTIF($I$6:$I$45,">"&I13)+1)) | AC13: =IF(OR(B13="",N13=0),"-",IF(OR(O13="G",O13="D"),IF(O13="G","G","D"),COUNTIF($N$6:$N$45,">"&N13)+1)) | AD13: =IF(OR(B13="",S13=0),"-",IF(OR(T13="G",T13="D"),IF(T13="G","G","D"),COUNTIF($S$6:$S$45,">"&S13)+1)) | AE13: =IF(OR(B13="",X13=0),"-",IF(OR(Y13="G",Y13="D"),IF(Y13="G","G","D"),COUNTIF($X$6:$X$45,">"&X13)+1))
A14: 9 | I14: =IF(OR(J14="G",J14="D"),0,IF(AND(F14="",G14=""),0,MAX(0,IFERROR(F14+0,0)+IFERROR(G14+0,0)-IFERROR(H14+0,0)))) | N14: =IF(OR(O14="G",O14="D"),0,IF(AND(K14="",L14=""),0,MAX(0,IFERROR(K14+0,0)+IFERROR(L14+0,0)-IFERROR(M14+0,0)))) | S14: =IF(OR(T14="G",T14="D"),0,IF(AND(P14="",Q14=""),0,MAX(0,IFERROR(P14+0,0)+IFERROR(Q14+0,0)-IFERROR(R14+0,0)))) | X14: =IF(OR(Y14="G",Y14="D"),0,IF(AND(U14="",V14=""),0,MAX(0,IFERROR(U14+0,0)+IFERROR(V14+0,0)-IFERROR(W14+0,0)))) | Z14: =IF(B14="","",IF(OR(J14="G",J14="D"),0,I14)+IF(OR(O14="G",O14="D"),0,N14)+IF(OR(T14="G",T14="D"),0,S14)+IF(OR(Y14="G",Y14="D"),0,X14)) | AA14: =IF(OR(B14="",Z14=0),"-",RANK.EQ(Z14,$Z$6:$Z$45,0)) | AB14: =IF(OR(B14="",I14=0),"-",IF(OR(J14="G",J14="D"),IF(J14="G","G","D"),COUNTIF($I$6:$I$45,">"&I14)+1)) | AC14: =IF(OR(B14="",N14=0),"-",IF(OR(O14="G",O14="D"),IF(O14="G","G","D"),COUNTIF($N$6:$N$45,">"&N14)+1)) | AD14: =IF(OR(B14="",S14=0),"-",IF(OR(T14="G",T14="D"),IF(T14="G","G","D"),COUNTIF($S$6:$S$45,">"&S14)+1)) | AE14: =IF(OR(B14="",X14=0),"-",IF(OR(Y14="G",Y14="D"),IF(Y14="G","G","D"),COUNTIF($X$6:$X$45,">"&X14)+1))
A15: 10 | I15: =IF(OR(J15="G",J15="D"),0,IF(AND(F15="",G15=""),0,MAX(0,IFERROR(F15+0,0)+IFERROR(G15+0,0)-IFERROR(H15+0,0)))) | N15: =IF(OR(O15="G",O15="D"),0,IF(AND(K15="",L15=""),0,MAX(0,IFERROR(K15+0,0)+IFERROR(L15+0,0)-IFERROR(M15+0,0)))) | S15: =IF(OR(T15="G",T15="D"),0,IF(AND(P15="",Q15=""),0,MAX(0,IFERROR(P15+0,0)+IFERROR(Q15+0,0)-IFERROR(R15+0,0)))) | X15: =IF(OR(Y15="G",Y15="D"),0,IF(AND(U15="",V15=""),0,MAX(0,IFERROR(U15+0,0)+IFERROR(V15+0,0)-IFERROR(W15+0,0)))) | Z15: =IF(B15="","",IF(OR(J15="G",J15="D"),0,I15)+IF(OR(O15="G",O15="D"),0,N15)+IF(OR(T15="G",T15="D"),0,S15)+IF(OR(Y15="G",Y15="D"),0,X15)) | AA15: =IF(OR(B15="",Z15=0),"-",RANK.EQ(Z15,$Z$6:$Z$45,0)) | AB15: =IF(OR(B15="",I15=0),"-",IF(OR(J15="G",J15="D"),IF(J15="G","G","D"),COUNTIF($I$6:$I$45,">"&I15)+1)) | AC15: =IF(OR(B15="",N15=0),"-",IF(OR(O15="G",O15="D"),IF(O15="G","G","D"),COUNTIF($N$6:$N$45,">"&N15)+1)) | AD15: =IF(OR(B15="",S15=0),"-",IF(OR(T15="G",T15="D"),IF(T15="G","G","D"),COUNTIF($S$6:$S$45,">"&S15)+1)) | AE15: =IF(OR(B15="",X15=0),"-",IF(OR(Y15="G",Y15="D"),IF(Y15="G","G","D"),COUNTIF($X$6:$X$45,">"&X15)+1))
A16: 11 | I16: =IF(OR(J16="G",J16="D"),0,IF(AND(F16="",G16=""),0,MAX(0,IFERROR(F16+0,0)+IFERROR(G16+0,0)-IFERROR(H16+0,0)))) | N16: =IF(OR(O16="G",O16="D"),0,IF(AND(K16="",L16=""),0,MAX(0,IFERROR(K16+0,0)+IFERROR(L16+0,0)-IFERROR(M16+0,0)))) | S16: =IF(OR(T16="G",T16="D"),0,IF(AND(P16="",Q16=""),0,MAX(0,IFERROR(P16+0,0)+IFERROR(Q16+0,0)-IFERROR(R16+0,0)))) | X16: =IF(OR(Y16="G",Y16="D"),0,IF(AND(U16="",V16=""),0,MAX(0,IFERROR(U16+0,0)+IFERROR(V16+0,0)-IFERROR(W16+0,0)))) | Z16: =IF(B16="","",IF(OR(J16="G",J16="D"),0,I16)+IF(OR(O16="G",O16="D"),0,N16)+IF(OR(T16="G",T16="D"),0,S16)+IF(OR(Y16="G",Y16="D"),0,X16)) | AA16: =IF(OR(B16="",Z16=0),"-",RANK.EQ(Z16,$Z$6:$Z$45,0)) | AB16: =IF(OR(B16="",I16=0),"-",IF(OR(J16="G",J16="D"),IF(J16="G","G","D"),COUNTIF($I$6:$I$45,">"&I16)+1)) | AC16: =IF(OR(B16="",N16=0),"-",IF(OR(O16="G",O16="D"),IF(O16="G","G","D"),COUNTIF($N$6:$N$45,">"&N16)+1)) | AD16: =IF(OR(B16="",S16=0),"-",IF(OR(T16="G",T16="D"),IF(T16="G","G","D"),COUNTIF($S$6:$S$45,">"&S16)+1)) | AE16: =IF(OR(B16="",X16=0),"-",IF(OR(Y16="G",Y16="D"),IF(Y16="G","G","D"),COUNTIF($X$6:$X$45,">"&X16)+1))
A17: 12 | I17: =IF(OR(J17="G",J17="D"),0,IF(AND(F17="",G17=""),0,MAX(0,IFERROR(F17+0,0)+IFERROR(G17+0,0)-IFERROR(H17+0,0)))) | N17: =IF(OR(O17="G",O17="D"),0,IF(AND(K17="",L17=""),0,MAX(0,IFERROR(K17+0,0)+IFERROR(L17+0,0)-IFERROR(M17+0,0)))) | S17: =IF(OR(T17="G",T17="D"),0,IF(AND(P17="",Q17=""),0,MAX(0,IFERROR(P17+0,0)+IFERROR(Q17+0,0)-IFERROR(R17+0,0)))) | X17: =IF(OR(Y17="G",Y17="D"),0,IF(AND(U17="",V17=""),0,MAX(0,IFERROR(U17+0,0)+IFERROR(V17+0,0)-IFERROR(W17+0,0)))) | Z17: =IF(B17="","",IF(OR(J17="G",J17="D"),0,I17)+IF(OR(O17="G",O17="D"),0,N17)+IF(OR(T17="G",T17="D"),0,S17)+IF(OR(Y17="G",Y17="D"),0,X17)) | AA17: =IF(OR(B17="",Z17=0),"-",RANK.EQ(Z17,$Z$6:$Z$45,0)) | AB17: =IF(OR(B17="",I17=0),"-",IF(OR(J17="G",J17="D"),IF(J17="G","G","D"),COUNTIF($I$6:$I$45,">"&I17)+1)) | AC17: =IF(OR(B17="",N17=0),"-",IF(OR(O17="G",O17="D"),IF(O17="G","G","D"),COUNTIF($N$6:$N$45,">"&N17)+1)) | AD17: =IF(OR(B17="",S17=0),"-",IF(OR(T17="G",T17="D"),IF(T17="G","G","D"),COUNTIF($S$6:$S$45,">"&S17)+1)) | AE17: =IF(OR(B17="",X17=0),"-",IF(OR(Y17="G",Y17="D"),IF(Y17="G","G","D"),COUNTIF($X$6:$X$45,">"&X17)+1))
... A45: 40 | I45: =IF(OR(J45="G",J45="D"),0,IF(AND(F45="",G45=""),0,MAX(0,IFERROR(F45+0,0)+IFERROR(G45+0,0)-IFERROR(H45+0,0)))) | N45: =IF(OR(O45="G",O45="D"),0,IF(AND(K45="",L45=""),0,MAX(0,IFERROR(K45+0,0)+IFERROR(L45+0,0)-IFERROR(M45+0,0)))) | S45: =IF(OR(T45="G",T45="D"),0,IF(AND(P45="",Q45=""),0,MAX(0,IFERROR(P45+0,0)+IFERROR(Q45+0,0)-IFERROR(R45+0,0)))) | X45: =IF(OR(Y45="G",Y45="D"),0,IF(AND(U45="",V45=""),0,MAX(0,IFERROR(U45+0,0)+IFERROR(V45+0,0)-IFERROR(W45+0,0)))) | Z45: =IF(B45="","",IF(OR(J45="G",J45="D"),0,I45)+IF(OR(O45="G",O45="D"),0,N45)+IF(OR(T45="G",T45="D"),0,S45)+IF(OR(Y45="G",Y45="D"),0,X45)) | AA45: =IF(OR(B45="",Z45=0),"-",RANK.EQ(Z45,$Z$6:$Z$45,0)) | AB45: =IF(OR(B45="",I45=0),"-",IF(OR(J45="G",J45="D"),IF(J45="G","G","D"),COUNTIF($I$6:$I$45,">"&I45)+1)) | AC45: =IF(OR(B45="",N45=0),"-",IF(OR(O45="G",O45="D"),IF(O45="G","G","D"),COUNTIF($N$6:$N$45,">"&N45)+1)) | AD45: =IF(OR(B45="",S45=0),"-",IF(OR(T45="G",T45="D"),IF(T45="G","G","D"),COUNTIF($S$6:$S$45,">"&S45)+1)) | AE45: =IF(OR(B45="",X45=0),"-",IF(OR(Y45="G",Y45="D"),IF(Y45="G","G","D"),COUNTIF($X$6:$X$45,">"&X45)+1))
A47: =COUNTA(B6:B45)&" sporcu kayıtlı"

Sheet YILDIZ KIZLAR
A1: YILDIZ KIZLAR
A2: ='YARIŞMA BİLGİLERİ'!C3&" — "&'YARIŞMA BİLGİLERİ'!C4&" | "&'YARIŞMA BİLGİLERİ'!C5
F3: ATLAMA (VT) | K3: AS.PARALEL (UB) | P3: DENGE (BB) | U3: SERBEST (FX) | AB3: ALET SIRALARI (Eleme Seçimi için)
A4: No | B4: Ad | C4: Soyad | D4: Okul / Kulüp | E4: Tür | F4: D | G4: E | H4: ND | I4: Final | J4: Dur | K4: D | L4: E | M4: ND | N4: Final | O4: Dur | P4: D | Q4: E | R4: ND | S4: Final | T4: Dur | U4: D | V4: E | W4: ND | X4: Final | Y4: Dur | Z4: TOPLAM | AA4: SIRALAMA | AB4: VT | AC4: UB | AD4: BB | AE4: FX
A5: Final = MAX(0, D+E−ND) | Dur: N=Normal · G=Gecersiz · D=Yarışmadı/DNS | Mavi sütun = formül (elle girme) | Yeşil = Toplam | Sarı = Sıralama
A6: 1 | I6: =IF(OR(J6="G",J6="D"),0,IF(AND(F6="",G6=""),0,MAX(0,IFERROR(F6+0,0)+IFERROR(G6+0,0)-IFERROR(H6+0,0)))) | N6: =IF(OR(O6="G",O6="D"),0,IF(AND(K6="",L6=""),0,MAX(0,IFERROR(K6+0,0)+IFERROR(L6+0,0)-IFERROR(M6+0,0)))) | S6: =IF(OR(T6="G",T6="D"),0,IF(AND(P6="",Q6=""),0,MAX(0,IFERROR(P6+0,0)+IFERROR(Q6+0,0)-IFERROR(R6+0,0)))) | X6: =IF(OR(Y6="G",Y6="D"),0,IF(AND(U6="",V6=""),0,MAX(0,IFERROR(U6+0,0)+IFERROR(V6+0,0)-IFERROR(W6+0,0)))) | Z6: =IF(B6="","",IF(OR(J6="G",J6="D"),0,I6)+IF(OR(O6="G",O6="D"),0,N6)+IF(OR(T6="G",T6="D"),0,S6)+IF(OR(Y6="G",Y6="D"),0,X6)) | AA6: =IF(OR(B6="",Z6=0),"-",RANK.EQ(Z6,$Z$6:$Z$45,0)) | AB6: =IF(OR(B6="",I6=0),"-",IF(OR(J6="G",J6="D"),IF(J6="G","G","D"),COUNTIF($I$6:$I$45,">"&I6)+1)) | AC6: =IF(OR(B6="",N6=0),"-",IF(OR(O6="G",O6="D"),IF(O6="G","G","D"),COUNTIF($N$6:$N$45,">"&N6)+1)) | AD6: =IF(OR(B6="",S6=0),"-",IF(OR(T6="G",T6="D"),IF(T6="G","G","D"),COUNTIF($S$6:$S$45,">"&S6)+1)) | AE6: =IF(OR(B6="",X6=0),"-",IF(OR(Y6="G",Y6="D"),IF(Y6="G","G","D"),COUNTIF($X$6:$X$45,">"&X6)+1))
A7: 2 | I7: =IF(OR(J7="G",J7="D"),0,IF(AND(F7="",G7=""),0,MAX(0,IFERROR(F7+0,0)+IFERROR(G7+0,0)-IFERROR(H7+0,0)))) | N7: =IF(OR(O7="G",O7="D"),0,IF(AND(K7="",L7=""),0,MAX(0,IFERROR(K7+0,0)+IFERROR(L7+0,0)-IFERROR(M7+0,0)))) | S7: =IF(OR(T7="G",T7="D"),0,IF(AND(P7="",Q7=""),0,MAX(0,IFERROR(P7+0,0)+IFERROR(Q7+0,0)-IFERROR(R7+0,0)))) | X7: =IF(OR(Y7="G",Y7="D"),0,IF(AND(U7="",V7=""),0,MAX(0,IFERROR(U7+0,0)+IFERROR(V7+0,0)-IFERROR(W7+0,0)))) | Z7: =IF(B7="","",IF(OR(J7="G",J7="D"),0,I7)+IF(OR(O7="G",O7="D"),0,N7)+IF(OR(T7="G",T7="D"),0,S7)+IF(OR(Y7="G",Y7="D"),0,X7)) | AA7: =IF(OR(B7="",Z7=0),"-",RANK.EQ(Z7,$Z$6:$Z$45,0)) | AB7: =IF(OR(B7="",I7=0),"-",IF(OR(J7="G",J7="D"),IF(J7="G","G","D"),COUNTIF($I$6:$I$45,">"&I7)+1)) | AC7: =IF(OR(B7="",N7=0),"-",IF(OR(O7="G",O7="D"),IF(O7="G","G","D"),COUNTIF($N$6:$N$45,">"&N7)+1)) | AD7: =IF(OR(B7="",S7=0),"-",IF(OR(T7="G",T7="D"),IF(T7="G","G","D"),COUNTIF($S$6:$S$45,">"&S7)+1)) | AE7: =IF(OR(B7="",X7=0),"-",IF(OR(Y7="G",Y7="D"),IF(Y7="G","G","D"),COUNTIF($X$6:$X$45,">"&X7)+1))
A8: 3 | I8: =IF(OR(J8="G",J8="D"),0,IF(AND(F8="",G8=""),0,MAX(0,IFERROR(F8+0,0)+IFERROR(G8+0,0)-IFERROR(H8+0,0)))) | N8: =IF(OR(O8="G",O8="D"),0,IF(AND(K8="",L8=""),0,MAX(0,IFERROR(K8+0,0)+IFERROR(L8+0,0)-IFERROR(M8+0,0)))) | S8: =IF(OR(T8="G",T8="D"),0,IF(AND(P8="",Q8=""),0,MAX(0,IFERROR(P8+0,0)+IFERROR(Q8+0,0)-IFERROR(R8+0,0)))) | X8: =IF(OR(Y8="G",Y8="D"),0,IF(AND(U8="",V8=""),0,MAX(0,IFERROR(U8+0,0)+IFERROR(V8+0,0)-IFERROR(W8+0,0)))) | Z8: =IF(B8="","",IF(OR(J8="G",J8="D"),0,I8)+IF(OR(O8="G",O8="D"),0,N8)+IF(OR(T8="G",T8="D"),0,S8)+IF(OR(Y8="G",Y8="D"),0,X8)) | AA8: =IF(OR(B8="",Z8=0),"-",RANK.EQ(Z8,$Z$6:$Z$45,0)) | AB8: =IF(OR(B8="",I8=0),"-",IF(OR(J8="G",J8="D"),IF(J8="G","G","D"),COUNTIF($I$6:$I$45,">"&I8)+1)) | AC8: =IF(OR(B8="",N8=0),"-",IF(OR(O8="G",O8="D"),IF(O8="G","G","D"),COUNTIF($N$6:$N$45,">"&N8)+1)) | AD8: =IF(OR(B8="",S8=0),"-",IF(OR(T8="G",T8="D"),IF(T8="G","G","D"),COUNTIF($S$6:$S$45,">"&S8)+1)) | AE8: =IF(OR(B8="",X8=0),"-",IF(OR(Y8="G",Y8="D"),IF(Y8="G","G","D"),COUNTIF($X$6:$X$45,">"&X8)+1))
A9: 4 | I9: =IF(OR(J9="G",J9="D"),0,IF(AND(F9="",G9=""),0,MAX(0,IFERROR(F9+0,0)+IFERROR(G9+0,0)-IFERROR(H9+0,0)))) | N9: =IF(OR(O9="G",O9="D"),0,IF(AND(K9="",L9=""),0,MAX(0,IFERROR(K9+0,0)+IFERROR(L9+0,0)-IFERROR(M9+0,0)))) | S9: =IF(OR(T9="G",T9="D"),0,IF(AND(P9="",Q9=""),0,MAX(0,IFERROR(P9+0,0)+IFERROR(Q9+0,0)-IFERROR(R9+0,0)))) | X9: =IF(OR(Y9="G",Y9="D"),0,IF(AND(U9="",V9=""),0,MAX(0,IFERROR(U9+0,0)+IFERROR(V9+0,0)-IFERROR(W9+0,0)))) | Z9: =IF(B9="","",IF(OR(J9="G",J9="D"),0,I9)+IF(OR(O9="G",O9="D"),0,N9)+IF(OR(T9="G",T9="D"),0,S9)+IF(OR(Y9="G",Y9="D"),0,X9)) | AA9: =IF(OR(B9="",Z9=0),"-",RANK.EQ(Z9,$Z$6:$Z$45,0)) | AB9: =IF(OR(B9="",I9=0),"-",IF(OR(J9="G",J9="D"),IF(J9="G","G","D"),COUNTIF($I$6:$I$45,">"&I9)+1)) | AC9: =IF(OR(B9="",N9=0),"-",IF(OR(O9="G",O9="D"),IF(O9="G","G","D"),COUNTIF($N$6:$N$45,">"&N9)+1)) | AD9: =IF(OR(B9="",S9=0),"-",IF(OR(T9="G",T9="D"),IF(T9="G","G","D"),COUNTIF($S$6:$S$45,">"&S9)+1)) | AE9: =IF(OR(B9="",X9=0),"-",IF(OR(Y9="G",Y9="D"),IF(Y9="G","G","D"),COUNTIF($X$6:$X$45,">"&X9)+1))
A10: 5 | I10: =IF(OR(J10="G",J10="D"),0,IF(AND(F10="",G10=""),0,MAX(0,IFERROR(F10+0,0)+IFERROR(G10+0,0)-IFERROR(H10+0,0)))) | N10: =IF(OR(O10="G",O10="D"),0,IF(AND(K10="",L10=""),0,MAX(0,IFERROR(K10+0,0)+IFERROR(L10+0,0)-IFERROR(M10+0,0)))) | S10: =IF(OR(T10="G",T10="D"),0,IF(AND(P10="",Q10=""),0,MAX(0,IFERROR(P10+0,0)+IFERROR(Q10+0,0)-IFERROR(R10+0,0)))) | X10: =IF(OR(Y10="G",Y10="D"),0,IF(AND(U10="",V10=""),0,MAX(0,IFERROR(U10+0,0)+IFERROR(V10+0,0)-IFERROR(W10+0,0)))) | Z10: =IF(B10="","",IF(OR(J10="G",J10="D"),0,I10)+IF(OR(O10="G",O10="D"),0,N10)+IF(OR(T10="G",T10="D"),0,S10)+IF(OR(Y10="G",Y10="D"),0,X10)) | AA10: =IF(OR(B10="",Z10=0),"-",RANK.EQ(Z10,$Z$6:$Z$45,0)) | AB10: =IF(OR(B10="",I10=0),"-",IF(OR(J10="G",J10="D"),IF(J10="G","G","D"),COUNTIF($I$6:$I$45,">"&I10)+1)) | AC10: =IF(OR(B10="",N10=0),"-",IF(OR(O10="G",O10="D"),IF(O10="G","G","D"),COUNTIF($N$6:$N$45,">"&N10)+1)) | AD10: =IF(OR(B10="",S10=0),"-",IF(OR(T10="G",T10="D"),IF(T10="G","G","D"),COUNTIF($S$6:$S$45,">"&S10)+1)) | AE10: =IF(OR(B10="",X10=0),"-",IF(OR(Y10="G",Y10="D"),IF(Y10="G","G","D"),COUNTIF($X$6:$X$45,">"&X10)+1))
A11: 6 | I11: =IF(OR(J11="G",J11="D"),0,IF(AND(F11="",G11=""),0,MAX(0,IFERROR(F11+0,0)+IFERROR(G11+0,0)-IFERROR(H11+0,0)))) | N11: =IF(OR(O11="G",O11="D"),0,IF(AND(K11="",L11=""),0,MAX(0,IFERROR(K11+0,0)+IFERROR(L11+0,0)-IFERROR(M11+0,0)))) | S11: =IF(OR(T11="G",T11="D"),0,IF(AND(P11="",Q11=""),0,MAX(0,IFERROR(P11+0,0)+IFERROR(Q11+0,0)-IFERROR(R11+0,0)))) | X11: =IF(OR(Y11="G",Y11="D"),0,IF(AND(U11="",V11=""),0,MAX(0,IFERROR(U11+0,0)+IFERROR(V11+0,0)-IFERROR(W11+0,0)))) | Z11: =IF(B11="","",IF(OR(J11="G",J11="D"),0,I11)+IF(OR(O11="G",O11="D"),0,N11)+IF(OR(T11="G",T11="D"),0,S11)+IF(OR(Y11="G",Y11="D"),0,X11)) | AA11: =IF(OR(B11="",Z11=0),"-",RANK.EQ(Z11,$Z$6:$Z$45,0)) | AB11: =IF(OR(B11="",I11=0),"-",IF(OR(J11="G",J11="D"),IF(J11="G","G","D"),COUNTIF($I$6:$I$45,">"&I11)+1)) | AC11: =IF(OR(B11="",N11=0),"-",IF(OR(O11="G",O11="D"),IF(O11="G","G","D"),COUNTIF($N$6:$N$45,">"&N11)+1)) | AD11: =IF(OR(B11="",S11=0),"-",IF(OR(T11="G",T11="D"),IF(T11="G","G","D"),COUNTIF($S$6:$S$45,">"&S11)+1)) | AE11: =IF(OR(B11="",X11=0),"-",IF(OR(Y11="G",Y11="D"),IF(Y11="G","G","D"),COUNTIF($X$6:$X$45,">"&X11)+1))
A12: 7 | I12: =IF(OR(J12="G",J12="D"),0,IF(AND(F12="",G12=""),0,MAX(0,IFERROR(F12+0,0)+IFERROR(G12+0,0)-IFERROR(H12+0,0)))) | N12: =IF(OR(O12="G",O12="D"),0,IF(AND(K12="",L12=""),0,MAX(0,IFERROR(K12+0,0)+IFERROR(L12+0,0)-IFERROR(M12+0,0)))) | S12: =IF(OR(T12="G",T12="D"),0,IF(AND(P12="",Q12=""),0,MAX(0,IFERROR(P12+0,0)+IFERROR(Q12+0,0)-IFERROR(R12+0,0)))) | X12: =IF(OR(Y12="G",Y12="D"),0,IF(AND(U12="",V12=""),0,MAX(0,IFERROR(U12+0,0)+IFERROR(V12+0,0)-IFERROR(W12+0,0)))) | Z12: =IF(B12="","",IF(OR(J12="G",J12="D"),0,I12)+IF(OR(O12="G",O12="D"),0,N12)+IF(OR(T12="G",T12="D"),0,S12)+IF(OR(Y12="G",Y12="D"),0,X12)) | AA12: =IF(OR(B12="",Z12=0),"-",RANK.EQ(Z12,$Z$6:$Z$45,0)) | AB12: =IF(OR(B12="",I12=0),"-",IF(OR(J12="G",J12="D"),IF(J12="G","G","D"),COUNTIF($I$6:$I$45,">"&I12)+1)) | AC12: =IF(OR(B12="",N12=0),"-",IF(OR(O12="G",O12="D"),IF(O12="G","G","D"),COUNTIF($N$6:$N$45,">"&N12)+1)) | AD12: =IF(OR(B12="",S12=0),"-",IF(OR(T12="G",T12="D"),IF(T12="G","G","D"),COUNTIF($S$6:$S$45,">"&S12)+1)) | AE12: =IF(OR(B12="",X12=0),"-",IF(OR(Y12="G",Y12="D"),IF(Y12="G","G","D"),COUNTIF($X$6:$X$45,">"&X12)+1))
A13: 8 | I13: =IF(OR(J13="G",J13="D"),0,IF(AND(F13="",G13=""),0,MAX(0,IFERROR(F13+0,0)+IFERROR(G13+0,0)-IFERROR(H13+0,0)))) | N13: =IF(OR(O13="G",O13="D"),0,IF(AND(K13="",L13=""),0,MAX(0,IFERROR(K13+0,0)+IFERROR(L13+0,0)-IFERROR(M13+0,0)))) | S13: =IF(OR(T13="G",T13="D"),0,IF(AND(P13="",Q13=""),0,MAX(0,IFERROR(P13+0,0)+IFERROR(Q13+0,0)-IFERROR(R13+0,0)))) | X13: =IF(OR(Y13="G",Y13="D"),0,IF(AND(U13="",V13=""),0,MAX(0,IFERROR(U13+0,0)+IFERROR(V13+0,0)-IFERROR(W13+0,0)))) | Z13: =IF(B13="","",IF(OR(J13="G",J13="D"),0,I13)+IF(OR(O13="G",O13="D"),0,N13)+IF(OR(T13="G",T13="D"),0,S13)+IF(OR(Y13="G",Y13="D"),0,X13)) | AA13: =IF(OR(B13="",Z13=0),"-",RANK.EQ(Z13,$Z$6:$Z$45,0)) | AB13: =IF(OR(B13="",I13=0),"-",IF(OR(J13="G",J13="D"),IF(J13="G","G","D"),COUNTIF($I$6:$I$45,">"&I13)+1)) | AC13: =IF(OR(B13="",N13=0),"-",IF(OR(O13="G",O13="D"),IF(O13="G","G","D"),COUNTIF($N$6:$N$45,">"&N13)+1)) | AD13: =IF(OR(B13="",S13=0),"-",IF(OR(T13="G",T13="D"),IF(T13="G","G","D"),COUNTIF($S$6:$S$45,">"&S13)+1)) | AE13: =IF(OR(B13="",X13=0),"-",IF(OR(Y13="G",Y13="D"),IF(Y13="G","G","D"),COUNTIF($X$6:$X$45,">"&X13)+1))
A14: 9 | I14: =IF(OR(J14="G",J14="D"),0,IF(AND(F14="",G14=""),0,MAX(0,IFERROR(F14+0,0)+IFERROR(G14+0,0)-IFERROR(H14+0,0)))) | N14: =IF(OR(O14="G",O14="D"),0,IF(AND(K14="",L14=""),0,MAX(0,IFERROR(K14+0,0)+IFERROR(L14+0,0)-IFERROR(M14+0,0)))) | S14: =IF(OR(T14="G",T14="D"),0,IF(AND(P14="",Q14=""),0,MAX(0,IFERROR(P14+0,0)+IFERROR(Q14+0,0)-IFERROR(R14+0,0)))) | X14: =IF(OR(Y14="G",Y14="D"),0,IF(AND(U14="",V14=""),0,MAX(0,IFERROR(U14+0,0)+IFERROR(V14+0,0)-IFERROR(W14+0,0)))) | Z14: =IF(B14="","",IF(OR(J14="G",J14="D"),0,I14)+IF(OR(O14="G",O14="D"),0,N14)+IF(OR(T14="G",T14="D"),0,S14)+IF(OR(Y14="G",Y14="D"),0,X14)) | AA14: =IF(OR(B14="",Z14=0),"-",RANK.EQ(Z14,$Z$6:$Z$45,0)) | AB14: =IF(OR(B14="",I14=0),"-",IF(OR(J14="G",J14="D"),IF(J14="G","G","D"),COUNTIF($I$6:$I$45,">"&I14)+1)) | AC14: =IF(OR(B14="",N14=0),"-",IF(OR(O14="G",O14="D"),IF(O14="G","G","D"),COUNTIF($N$6:$N$45,">"&N14)+1)) | AD14: =IF(OR(B14="",S14=0),"-",IF(OR(T14="G",T14="D"),IF(T14="G","G","D"),COUNTIF($S$6:$S$45,">"&S14)+1)) | AE14: =IF(OR(B14="",X14=0),"-",IF(OR(Y14="G",Y14="D"),IF(Y14="G","G","D"),COUNTIF($X$6:$X$45,">"&X14)+1))
A15: 10 | I15: =IF(OR(J15="G",J15="D"),0,IF(AND(F15="",G15=""),0,MAX(0,IFERROR(F15+0,0)+IFERROR(G15+0,0)-IFERROR(H15+0,0)))) | N15: =IF(OR(O15="G",O15="D"),0,IF(AND(K15="",L15=""),0,MAX(0,IFERROR(K15+0,0)+IFERROR(L15+0,0)-IFERROR(M15+0,0)))) | S15: =IF(OR(T15="G",T15="D"),0,IF(AND(P15="",Q15=""),0,MAX(0,IFERROR(P15+0,0)+IFERROR(Q15+0,0)-IFERROR(R15+0,0)))) | X15: =IF(OR(Y15="G",Y15="D"),0,IF(AND(U15="",V15=""),0,MAX(0,IFERROR(U15+0,0)+IFERROR(V15+0,0)-IFERROR(W15+0,0)))) | Z15: =IF(B15="","",IF(OR(J15="G",J15="D"),0,I15)+IF(OR(O15="G",O15="D"),0,N15)+IF(OR(T15="G",T15="D"),0,S15)+IF(OR(Y15="G",Y15="D"),0,X15)) | AA15: =IF(OR(B15="",Z15=0),"-",RANK.EQ(Z15,$Z$6:$Z$45,0)) | AB15: =IF(OR(B15="",I15=0),"-",IF(OR(J15="G",J15="D"),IF(J15="G","G","D"),COUNTIF($I$6:$I$45,">"&I15)+1)) | AC15: =IF(OR(B15="",N15=0),"-",IF(OR(O15="G",O15="D"),IF(O15="G","G","D"),COUNTIF($N$6:$N$45,">"&N15)+1)) | AD15: =IF(OR(B15="",S15=0),"-",IF(OR(T15="G",T15="D"),IF(T15="G","G","D"),COUNTIF($S$6:$S$45,">"&S15)+1)) | AE15: =IF(OR(B15="",X15=0),"-",IF(OR(Y15="G",Y15="D"),IF(Y15="G","G","D"),COUNTIF($X$6:$X$45,">"&X15)+1))
A16: 11 | I16: =IF(OR(J16="G",J16="D"),0,IF(AND(F16="",G16=""),0,MAX(0,IFERROR(F16+0,0)+IFERROR(G16+0,0)-IFERROR(H16+0,0)))) | N16: =IF(OR(O16="G",O16="D"),0,IF(AND(K16="",L16=""),0,MAX(0,IFERROR(K16+0,0)+IFERROR(L16+0,0)-IFERROR(M16+0,0)))) | S16: =IF(OR(T16="G",T16="D"),0,IF(AND(P16="",Q16=""),0,MAX(0,IFERROR(P16+0,0)+IFERROR(Q16+0,0)-IFERROR(R16+0,0)))) | X16: =IF(OR(Y16="G",Y16="D"),0,IF(AND(U16="",V16=""),0,MAX(0,IFERROR(U16+0,0)+IFERROR(V16+0,0)-IFERROR(W16+0,0)))) | Z16: =IF(B16="","",IF(OR(J16="G",J16="D"),0,I16)+IF(OR(O16="G",O16="D"),0,N16)+IF(OR(T16="G",T16="D"),0,S16)+IF(OR(Y16="G",Y16="D"),0,X16)) | AA16: =IF(OR(B16="",Z16=0),"-",RANK.EQ(Z16,$Z$6:$Z$45,0)) | AB16: =IF(OR(B16="",I16=0),"-",IF(OR(J16="G",J16="D"),IF(J16="G","G","D"),COUNTIF($I$6:$I$45,">"&I16)+1)) | AC16: =IF(OR(B16="",N16=0),"-",IF(OR(O16="G",O16="D"),IF(O16="G","G","D"),COUNTIF($N$6:$N$45,">"&N16)+1)) | AD16: =IF(OR(B16="",S16=0),"-",IF(OR(T16="G",T16="D"),IF(T16="G","G","D"),COUNTIF($S$6:$S$45,">"&S16)+1)) | AE16: =IF(OR(B16="",X16=0),"-",IF(OR(Y16="G",Y16="D"),IF(Y16="G","G","D"),COUNTIF($X$6:$X$45,">"&X16)+1))
A17: 12 | I17: =IF(OR(J17="G",J17="D"),0,IF(AND(F17="",G17=""),0,MAX(0,IFERROR(F17+0,0)+IFERROR(G17+0,0)-IFERROR(H17+0,0)))) | N17: =IF(OR(O17="G",O17="D"),0,IF(AND(K17="",L17=""),0,MAX(0,IFERROR(K17+0,0)+IFERROR(L17+0,0)-IFERROR(M17+0,0)))) | S17: =IF(OR(T17="G",T17="D"),0,IF(AND(P17="",Q17=""),0,MAX(0,IFERROR(P17+0,0)+IFERROR(Q17+0,0)-IFERROR(R17+0,0)))) | X17: =IF(OR(Y17="G",Y17="D"),0,IF(AND(U17="",V17=""),0,MAX(0,IFERROR(U17+0,0)+IFERROR(V17+0,0)-IFERROR(W17+0,0)))) | Z17: =IF(B17="","",IF(OR(J17="G",J17="D"),0,I17)+IF(OR(O17="G",O17="D"),0,N17)+IF(OR(T17="G",T17="D"),0,S17)+IF(OR(Y17="G",Y17="D"),0,X17)) | AA17: =IF(OR(B17="",Z17=0),"-",RANK.EQ(Z17,$Z$6:$Z$45,0)) | AB17: =IF(OR(B17="",I17=0),"-",IF(OR(J17="G",J17="D"),IF(J17="G","G","D"),COUNTIF($I$6:$I$45,">"&I17)+1)) | AC17: =IF(OR(B17="",N17=0),"-",IF(OR(O17="G",O17="D"),IF(O17="G","G","D"),COUNTIF($N$6:$N$45,">"&N17)+1)) | AD17: =IF(OR(B17="",S17=0),"-",IF(OR(T17="G",T17="D"),IF(T17="G","G","D"),COUNTIF($S$6:$S$45,">"&S17)+1)) | AE17: =IF(OR(B17="",X17=0),"-",IF(OR(Y17="G",Y17="D"),IF(Y17="G","G","D"),COUNTIF($X$6:$X$45,">"&X17)+1))
... A45: 40 | I45: =IF(OR(J45="G",J45="D"),0,IF(AND(F45="",G45=""),0,MAX(0,IFERROR(F45+0,0)+IFERROR(G45+0,0)-IFERROR(H45+0,0)))) | N45: =IF(OR(O45="G",O45="D"),0,IF(AND(K45="",L45=""),0,MAX(0,IFERROR(K45+0,0)+IFERROR(L45+0,0)-IFERROR(M45+0,0)))) | S45: =IF(OR(T45="G",T45="D"),0,IF(AND(P45="",Q45=""),0,MAX(0,IFERROR(P45+0,0)+IFERROR(Q45+0,0)-IFERROR(R45+0,0)))) | X45: =IF(OR(Y45="G",Y45="D"),0,IF(AND(U45="",V45=""),0,MAX(0,IFERROR(U45+0,0)+IFERROR(V45+0,0)-IFERROR(W45+0,0)))) | Z45: =IF(B45="","",IF(OR(J45="G",J45="D"),0,I45)+IF(OR(O45="G",O45="D"),0,N45)+IF(OR(T45="G",T45="D"),0,S45)+IF(OR(Y45="G",Y45="D"),0,X45)) | AA45: =IF(OR(B45="",Z45=0),"-",RANK.EQ(Z45,$Z$6:$Z$45,0)) | AB45: =IF(OR(B45="",I45=0),"-",IF(OR(J45="G",J45="D"),IF(J45="G","G","D"),COUNTIF($I$6:$I$45,">"&I45)+1)) | AC45: =IF(OR(B45="",N45=0),"-",IF(OR(O45="G",O45="D"),IF(O45="G","G","D"),COUNTIF($N$6:$N$45,">"&N45)+1)) | AD45: =IF(OR(B45="",S45=0),"-",IF(OR(T45="G",T45="D"),IF(T45="G","G","D"),COUNTIF($S$6:$S$45,">"&S45)+1)) | AE45: =IF(OR(B45="",X45=0),"-",IF(OR(Y45="G",Y45="D"),IF(Y45="G","G","D"),COUNTIF($X$6:$X$45,">"&X45)+1))
A47: =COUNTA(B6:B45)&" sporcu kayıtlı"

Sheet YILDIZ ERKEKLER
A1: YILDIZ ERKEKLER
A2: ='YARIŞMA BİLGİLERİ'!C3&" — "&'YARIŞMA BİLGİLERİ'!C4&" | "&'YARIŞMA BİLGİLERİ'!C5
F3: YER (FX) | K3: KULPLU BEYGIR (PH) | P3: HALKA (SR) | U3: ATLAMA (VT) | Z3: PARALEL (PB) | AE3: BARFIKS (HB) | AL3: ALET SIRALARI (Eleme Seçimi için)
A4: No | B4: Ad | C4: Soyad | D4: Okul / Kulüp | E4: Tür | F4: D | G4: E | H4: ND | I4: Final | J4: Dur | K4: D | L4: E | M4: ND | N4: Final | O4: Dur | P4: D | Q4: E | R4: ND | S4: Final | T4: Dur | U4: D | V4: E | W4: ND | X4: Final | Y4: Dur | Z4: D | AA4: E | AB4: ND | AC4: Final | AD4: Dur | AE4: D | AF4: E | AG4: ND | AH4: Final | AI4: Dur | AJ4: TOPLAM | AK4: SIRALAMA | AL4: FX | AM4: PH | AN4: SR | AO4: VT | AP4: PB | AQ4: HB
A5: Final = MAX(0, D+E−ND) | Dur: N=Normal · G=Gecersiz · D=Yarışmadı/DNS | Mavi sütun = formül (elle girme) | Yeşil = Toplam | Sarı = Sıralama
A6: 1 | I6: =IF(OR(J6="G",J6="D"),0,IF(AND(F6="",G6=""),0,MAX(0,IFERROR(F6+0,0)+IFERROR(G6+0,0)-IFERROR(H6+0,0)))) | N6: =IF(OR(O6="G",O6="D"),0,IF(AND(K6="",L6=""),0,MAX(0,IFERROR(K6+0,0)+IFERROR(L6+0,0)-IFERROR(M6+0,0)))) | S6: =IF(OR(T6="G",T6="D"),0,IF(AND(P6="",Q6=""),0,MAX(0,IFERROR(P6+0,0)+IFERROR(Q6+0,0)-IFERROR(R6+0,0)))) | X6: =IF(OR(Y6="G",Y6="D"),0,IF(AND(U6="",V6=""),0,MAX(0,IFERROR(U6+0,0)+IFERROR(V6+0,0)-IFERROR(W6+0,0)))) | AC6: =IF(OR(AD6="G",AD6="D"),0,IF(AND(Z6="",AA6=""),0,MAX(0,IFERROR(Z6+0,0)+IFERROR(AA6+0,0)-IFERROR(AB6+0,0)))) | AH6: =IF(OR(AI6="G",AI6="D"),0,IF(AND(AE6="",AF6=""),0,MAX(0,IFERROR(AE6+0,0)+IFERROR(AF6+0,0)-IFERROR(AG6+0,0)))) | AJ6: =IF(B6="","",IF(OR(J6="G",J6="D"),0,I6)+IF(OR(O6="G",O6="D"),0,N6)+IF(OR(T6="G",T6="D"),0,S6)+IF(OR(Y6="G",Y6="D"),0,X6)+IF(OR(AD6="G",AD6="D"),0,AC6)+IF(OR(AI6="G",AI6="D"),0,AH6)) | AK6: =IF(OR(B6="",AJ6=0),"-",RANK.EQ(AJ6,$AJ$6:$AJ$45,0)) | AL6: =IF(OR(B6="",I6=0),"-",IF(OR(J6="G",J6="D"),IF(J6="G","G","D"),COUNTIF($I$6:$I$45,">"&I6)+1)) | AM6: =IF(OR(B6="",N6=0),"-",IF(OR(O6="G",O6="D"),IF(O6="G","G","D"),COUNTIF($N$6:$N$45,">"&N6)+1)) | AN6: =IF(OR(B6="",S6=0),"-",IF(OR(T6="G",T6="D"),IF(T6="G","G","D"),COUNTIF($S$6:$S$45,">"&S6)+1)) | AO6: =IF(OR(B6="",X6=0),"-",IF(OR(Y6="G",Y6="D"),IF(Y6="G","G","D"),COUNTIF($X$6:$X$45,">"&X6)+1)) | AP6: =IF(OR(B6="",AC6=0),"-",IF(OR(AD6="G",AD6="D"),IF(AD6="G","G","D"),COUNTIF($AC$6:$AC$45,">"&AC6)+1)) | AQ6: =IF(OR(B6="",AH6=0),"-",IF(OR(AI6="G",AI6="D"),IF(AI6="G","G","D"),COUNTIF($AH$6:$AH$45,">"&AH6)+1))
A7: 2 | I7: =IF(OR(J7="G",J7="D"),0,IF(AND(F7="",G7=""),0,MAX(0,IFERROR(F7+0,0)+IFERROR(G7+0,0)-IFERROR(H7+0,0)))) | N7: =IF(OR(O7="G",O7="D"),0,IF(AND(K7="",L7=""),0,MAX(0,IFERROR(K7+0,0)+IFERROR(L7+0,0)-IFERROR(M7+0,0)))) | S7: =IF(OR(T7="G",T7="D"),0,IF(AND(P7="",Q7=""),0,MAX(0,IFERROR(P7+0,0)+IFERROR(Q7+0,0)-IFERROR(R7+0,0)))) | X7: =IF(OR(Y7="G",Y7="D"),0,IF(AND(U7="",V7=""),0,MAX(0,IFERROR(U7+0,0)+IFERROR(V7+0,0)-IFERROR(W7+0,0)))) | AC7: =IF(OR(AD7="G",AD7="D"),0,IF(AND(Z7="",AA7=""),0,MAX(0,IFERROR(Z7+0,0)+IFERROR(AA7+0,0)-IFERROR(AB7+0,0)))) | AH7: =IF(OR(AI7="G",AI7="D"),0,IF(AND(AE7="",AF7=""),0,MAX(0,IFERROR(AE7+0,0)+IFERROR(AF7+0,0)-IFERROR(AG7+0,0)))) | AJ7: =IF(B7="","",IF(OR(J7="G",J7="D"),0,I7)+IF(OR(O7="G",O7="D"),0,N7)+IF(OR(T7="G",T7="D"),0,S7)+IF(OR(Y7="G",Y7="D"),0,X7)+IF(OR(AD7="G",AD7="D"),0,AC7)+IF(OR(AI7="G",AI7="D"),0,AH7)) | AK7: =IF(OR(B7="",AJ7=0),"-",RANK.EQ(AJ7,$AJ$6:$AJ$45,0)) | AL7: =IF(OR(B7="",I7=0),"-",IF(OR(J7="G",J7="D"),IF(J7="G","G","D"),COUNTIF($I$6:$I$45,">"&I7)+1)) | AM7: =IF(OR(B7="",N7=0),"-",IF(OR(O7="G",O7="D"),IF(O7="G","G","D"),COUNTIF($N$6:$N$45,">"&N7)+1)) | AN7: =IF(OR(B7="",S7=0),"-",IF(OR(T7="G",T7="D"),IF(T7="G","G","D"),COUNTIF($S$6:$S$45,">"&S7)+1)) | AO7: =IF(OR(B7="",X7=0),"-",IF(OR(Y7="G",Y7="D"),IF(Y7="G","G","D"),COUNTIF($X$6:$X$45,">"&X7)+1)) | AP7: =IF(OR(B7="",AC7=0),"-",IF(OR(AD7="G",AD7="D"),IF(AD7="G","G","D"),COUNTIF($AC$6:$AC$45,">"&AC7)+1)) | AQ7: =IF(OR(B7="",AH7=0),"-",IF(OR(AI7="G",AI7="D"),IF(AI7="G","G","D"),COUNTIF($AH$6:$AH$45,">"&AH7)+1))
A8: 3 | I8: =IF(OR(J8="G",J8="D"),0,IF(AND(F8="",G8=""),0,MAX(0,IFERROR(F8+0,0)+IFERROR(G8+0,0)-IFERROR(H8+0,0)))) | N8: =IF(OR(O8="G",O8="D"),0,IF(AND(K8="",L8=""),0,MAX(0,IFERROR(K8+0,0)+IFERROR(L8+0,0)-IFERROR(M8+0,0)))) | S8: =IF(OR(T8="G",T8="D"),0,IF(AND(P8="",Q8=""),0,MAX(0,IFERROR(P8+0,0)+IFERROR(Q8+0,0)-IFERROR(R8+0,0)))) | X8: =IF(OR(Y8="G",Y8="D"),0,IF(AND(U8="",V8=""),0,MAX(0,IFERROR(U8+0,0)+IFERROR(V8+0,0)-IFERROR(W8+0,0)))) | AC8: =IF(OR(AD8="G",AD8="D"),0,IF(AND(Z8="",AA8=""),0,MAX(0,IFERROR(Z8+0,0)+IFERROR(AA8+0,0)-IFERROR(AB8+0,0)))) | AH8: =IF(OR(AI8="G",AI8="D"),0,IF(AND(AE8="",AF8=""),0,MAX(0,IFERROR(AE8+0,0)+IFERROR(AF8+0,0)-IFERROR(AG8+0,0)))) | AJ8: =IF(B8="","",IF(OR(J8="G",J8="D"),0,I8)+IF(OR(O8="G",O8="D"),0,N8)+IF(OR(T8="G",T8="D"),0,S8)+IF(OR(Y8="G",Y8="D"),0,X8)+IF(OR(AD8="G",AD8="D"),0,AC8)+IF(OR(AI8="G",AI8="D"),0,AH8)) | AK8: =IF(OR(B8="",AJ8=0),"-",RANK.EQ(AJ8,$AJ$6:$AJ$45,0)) | AL8: =IF(OR(B8="",I8=0),"-",IF(OR(J8="G",J8="D"),IF(J8="G","G","D"),COUNTIF($I$6:$I$45,">"&I8)+1)) | AM8: =IF(OR(B8="",N8=0),"-",IF(OR(O8="G",O8="D"),IF(O8="G","G","D"),COUNTIF($N$6:$N$45,">"&N8)+1)) | AN8: =IF(OR(B8="",S8=0),"-",IF(OR(T8="G",T8="D"),IF(T8="G","G","D"),COUNTIF($S$6:$S$45,">"&S8)+1)) | AO8: =IF(OR(B8="",X8=0),"-",IF(OR(Y8="G",Y8="D"),IF(Y8="G","G","D"),COUNTIF($X$6:$X$45,">"&X8)+1)) | AP8: =IF(OR(B8="",AC8=0),"-",IF(OR(AD8="G",AD8="D"),IF(AD8="G","G","D"),COUNTIF($AC$6:$AC$45,">"&AC8)+1)) | AQ8: =IF(OR(B8="",AH8=0),"-",IF(OR(AI8="G",AI8="D"),IF(AI8="G","G","D"),COUNTIF($AH$6:$AH$45,">"&AH8)+1))
A9: 4 | I9: =IF(OR(J9="G",J9="D"),0,IF(AND(F9="",G9=""),0,MAX(0,IFERROR(F9+0,0)+IFERROR(G9+0,0)-IFERROR(H9+0,0)))) | N9: =IF(OR(O9="G",O9="D"),0,IF(AND(K9="",L9=""),0,MAX(0,IFERROR(K9+0,0)+IFERROR(L9+0,0)-IFERROR(M9+0,0)))) | S9: =IF(OR(T9="G",T9="D"),0,IF(AND(P9="",Q9=""),0,MAX(0,IFERROR(P9+0,0)+IFERROR(Q9+0,0)-IFERROR(R9+0,0)))) | X9: =IF(OR(Y9="G",Y9="D"),0,IF(AND(U9="",V9=""),0,MAX(0,IFERROR(U9+0,0)+IFERROR(V9+0,0)-IFERROR(W9+0,0)))) | AC9: =IF(OR(AD9="G",AD9="D"),0,IF(AND(Z9="",AA9=""),0,MAX(0,IFERROR(Z9+0,0)+IFERROR(AA9+0,0)-IFERROR(AB9+0,0)))) | AH9: =IF(OR(AI9="G",AI9="D"),0,IF(AND(AE9="",AF9=""),0,MAX(0,IFERROR(AE9+0,0)+IFERROR(AF9+0,0)-IFERROR(AG9+0,0)))) | AJ9: =IF(B9="","",IF(OR(J9="G",J9="D"),0,I9)+IF(OR(O9="G",O9="D"),0,N9)+IF(OR(T9="G",T9="D"),0,S9)+IF(OR(Y9="G",Y9="D"),0,X9)+IF(OR(AD9="G",AD9="D"),0,AC9)+IF(OR(AI9="G",AI9="D"),0,AH9)) | AK9: =IF(OR(B9="",AJ9=0),"-",RANK.EQ(AJ9,$AJ$6:$AJ$45,0)) | AL9: =IF(OR(B9="",I9=0),"-",IF(OR(J9="G",J9="D"),IF(J9="G","G","D"),COUNTIF($I$6:$I$45,">"&I9)+1)) | AM9: =IF(OR(B9="",N9=0),"-",IF(OR(O9="G",O9="D"),IF(O9="G","G","D"),COUNTIF($N$6:$N$45,">"&N9)+1)) | AN9: =IF(OR(B9="",S9=0),"-",IF(OR(T9="G",T9="D"),IF(T9="G","G","D"),COUNTIF($S$6:$S$45,">"&S9)+1)) | AO9: =IF(OR(B9="",X9=0),"-",IF(OR(Y9="G",Y9="D"),IF(Y9="G","G","D"),COUNTIF($X$6:$X$45,">"&X9)+1)) | AP9: =IF(OR(B9="",AC9=0),"-",IF(OR(AD9="G",AD9="D"),IF(AD9="G","G","D"),COUNTIF($AC$6:$AC$45,">"&AC9)+1)) | AQ9: =IF(OR(B9="",AH9=0),"-",IF(OR(AI9="G",AI9="D"),IF(AI9="G","G","D"),COUNTIF($AH$6:$AH$45,">"&AH9)+1))
A10: 5 | I10: =IF(OR(J10="G",J10="D"),0,IF(AND(F10="",G10=""),0,MAX(0,IFERROR(F10+0,0)+IFERROR(G10+0,0)-IFERROR(H10+0,0)))) | N10: =IF(OR(O10="G",O10="D"),0,IF(AND(K10="",L10=""),0,MAX(0,IFERROR(K10+0,0)+IFERROR(L10+0,0)-IFERROR(M10+0,0)))) | S10: =IF(OR(T10="G",T10="D"),0,IF(AND(P10="",Q10=""),0,MAX(0,IFERROR(P10+0,0)+IFERROR(Q10+0,0)-IFERROR(R10+0,0)))) | X10: =IF(OR(Y10="G",Y10="D"),0,IF(AND(U10="",V10=""),0,MAX(0,IFERROR(U10+0,0)+IFERROR(V10+0,0)-IFERROR(W10+0,0)))) | AC10: =IF(OR(AD10="G",AD10="D"),0,IF(AND(Z10="",AA10=""),0,MAX(0,IFERROR(Z10+0,0)+IFERROR(AA10+0,0)-IFERROR(AB10+0,0)))) | AH10: =IF(OR(AI10="G",AI10="D"),0,IF(AND(AE10="",AF10=""),0,MAX(0,IFERROR(AE10+0,0)+IFERROR(AF10+0,0)-IFERROR(AG10+0,0)))) | AJ10: =IF(B10="","",IF(OR(J10="G",J10="D"),0,I10)+IF(OR(O10="G",O10="D"),0,N10)+IF(OR(T10="G",T10="D"),0,S10)+IF(OR(Y10="G",Y10="D"),0,X10)+IF(OR(AD10="G",AD10="D"),0,AC10)+IF(OR(AI10="G",AI10="D"),0,AH10)) | AK10: =IF(OR(B10="",AJ10=0),"-",RANK.EQ(AJ10,$AJ$6:$AJ$45,0)) | AL10: =IF(OR(B10="",I10=0),"-",IF(OR(J10="G",J10="D"),IF(J10="G","G","D"),COUNTIF($I$6:$I$45,">"&I10)+1)) | AM10: =IF(OR(B10="",N10=0),"-",IF(OR(O10="G",O10="D"),IF(O10="G","G","D"),COUNTIF($N$6:$N$45,">"&N10)+1)) | AN10: =IF(OR(B10="",S10=0),"-",IF(OR(T10="G",T10="D"),IF(T10="G","G","D"),COUNTIF($S$6:$S$45,">"&S10)+1)) | AO10: =IF(OR(B10="",X10=0),"-",IF(OR(Y10="G",Y10="D"),IF(Y10="G","G","D"),COUNTIF($X$6:$X$45,">"&X10)+1)) | AP10: =IF(OR(B10="",AC10=0),"-",IF(OR(AD10="G",AD10="D"),IF(AD10="G","G","D"),COUNTIF($AC$6:$AC$45,">"&AC10)+1)) | AQ10: =IF(OR(B10="",AH10=0),"-",IF(OR(AI10="G",AI10="D"),IF(AI10="G","G","D"),COUNTIF($AH$6:$AH$45,">"&AH10)+1))
A11: 6 | I11: =IF(OR(J11="G",J11="D"),0,IF(AND(F11="",G11=""),0,MAX(0,IFERROR(F11+0,0)+IFERROR(G11+0,0)-IFERROR(H11+0,0)))) | N11: =IF(OR(O11="G",O11="D"),0,IF(AND(K11="",L11=""),0,MAX(0,IFERROR(K11+0,0)+IFERROR(L11+0,0)-IFERROR(M11+0,0)))) | S11: =IF(OR(T11="G",T11="D"),0,IF(AND(P11="",Q11=""),0,MAX(0,IFERROR(P11+0,0)+IFERROR(Q11+0,0)-IFERROR(R11+0,0)))) | X11: =IF(OR(Y11="G",Y11="D"),0,IF(AND(U11="",V11=""),0,MAX(0,IFERROR(U11+0,0)+IFERROR(V11+0,0)-IFERROR(W11+0,0)))) | AC11: =IF(OR(AD11="G",AD11="D"),0,IF(AND(Z11="",AA11=""),0,MAX(0,IFERROR(Z11+0,0)+IFERROR(AA11+0,0)-IFERROR(AB11+0,0)))) | AH11: =IF(OR(AI11="G",AI11="D"),0,IF(AND(AE11="",AF11=""),0,MAX(0,IFERROR(AE11+0,0)+IFERROR(AF11+0,0)-IFERROR(AG11+0,0)))) | AJ11: =IF(B11="","",IF(OR(J11="G",J11="D"),0,I11)+IF(OR(O11="G",O11="D"),0,N11)+IF(OR(T11="G",T11="D"),0,S11)+IF(OR(Y11="G",Y11="D"),0,X11)+IF(OR(AD11="G",AD11="D"),0,AC11)+IF(OR(AI11="G",AI11="D"),0,AH11)) | AK11: =IF(OR(B11="",AJ11=0),"-",RANK.EQ(AJ11,$AJ$6:$AJ$45,0)) | AL11: =IF(OR(B11="",I11=0),"-",IF(OR(J11="G",J11="D"),IF(J11="G","G","D"),COUNTIF($I$6:$I$45,">"&I11)+1)) | AM11: =IF(OR(B11="",N11=0),"-",IF(OR(O11="G",O11="D"),IF(O11="G","G","D"),COUNTIF($N$6:$N$45,">"&N11)+1)) | AN11: =IF(OR(B11="",S11=0),"-",IF(OR(T11="G",T11="D"),IF(T11="G","G","D"),COUNTIF($S$6:$S$45,">"&S11)+1)) | AO11: =IF(OR(B11="",X11=0),"-",IF(OR(Y11="G",Y11="D"),IF(Y11="G","G","D"),COUNTIF($X$6:$X$45,">"&X11)+1)) | AP11: =IF(OR(B11="",AC11=0),"-",IF(OR(AD11="G",AD11="D"),IF(AD11="G","G","D"),COUNTIF($AC$6:$AC$45,">"&AC11)+1)) | AQ11: =IF(OR(B11="",AH11=0),"-",IF(OR(AI11="G",AI11="D"),IF(AI11="G","G","D"),COUNTIF($AH$6:$AH$45,">"&AH11)+1))
A12: 7 | I12: =IF(OR(J12="G",J12="D"),0,IF(AND(F12="",G12=""),0,MAX(0,IFERROR(F12+0,0)+IFERROR(G12+0,0)-IFERROR(H12+0,0)))) | N12: =IF(OR(O12="G",O12="D"),0,IF(AND(K12="",L12=""),0,MAX(0,IFERROR(K12+0,0)+IFERROR(L12+0,0)-IFERROR(M12+0,0)))) | S12: =IF(OR(T12="G",T12="D"),0,IF(AND(P12="",Q12=""),0,MAX(0,IFERROR(P12+0,0)+IFERROR(Q12+0,0)-IFERROR(R12+0,0)))) | X12: =IF(OR(Y12="G",Y12="D"),0,IF(AND(U12="",V12=""),0,MAX(0,IFERROR(U12+0,0)+IFERROR(V12+0,0)-IFERROR(W12+0,0)))) | AC12: =IF(OR(AD12="G",AD12="D"),0,IF(AND(Z12="",AA12=""),0,MAX(0,IFERROR(Z12+0,0)+IFERROR(AA12+0,0)-IFERROR(AB12+0,0)))) | AH12: =IF(OR(AI12="G",AI12="D"),0,IF(AND(AE12="",AF12=""),0,MAX(0,IFERROR(AE12+0,0)+IFERROR(AF12+0,0)-IFERROR(AG12+0,0)))) | AJ12: =IF(B12="","",IF(OR(J12="G",J12="D"),0,I12)+IF(OR(O12="G",O12="D"),0,N12)+IF(OR(T12="G",T12="D"),0,S12)+IF(OR(Y12="G",Y12="D"),0,X12)+IF(OR(AD12="G",AD12="D"),0,AC12)+IF(OR(AI12="G",AI12="D"),0,AH12)) | AK12: =IF(OR(B12="",AJ12=0),"-",RANK.EQ(AJ12,$AJ$6:$AJ$45,0)) | AL12: =IF(OR(B12="",I12=0),"-",IF(OR(J12="G",J12="D"),IF(J12="G","G","D"),COUNTIF($I$6:$I$45,">"&I12)+1)) | AM12: =IF(OR(B12="",N12=0),"-",IF(OR(O12="G",O12="D"),IF(O12="G","G","D"),COUNTIF($N$6:$N$45,">"&N12)+1)) | AN12: =IF(OR(B12="",S12=0),"-",IF(OR(T12="G",T12="D"),IF(T12="G","G","D"),COUNTIF($S$6:$S$45,">"&S12)+1)) | AO12: =IF(OR(B12="",X12=0),"-",IF(OR(Y12="G",Y12="D"),IF(Y12="G","G","D"),COUNTIF($X$6:$X$45,">"&X12)+1)) | AP12: =IF(OR(B12="",AC12=0),"-",IF(OR(AD12="G",AD12="D"),IF(AD12="G","G","D"),COUNTIF($AC$6:$AC$45,">"&AC12)+1)) | AQ12: =IF(OR(B12="",AH12=0),"-",IF(OR(AI12="G",AI12="D"),IF(AI12="G","G","D"),COUNTIF($AH$6:$AH$45,">"&AH12)+1))
A13: 8 | I13: =IF(OR(J13="G",J13="D"),0,IF(AND(F13="",G13=""),0,MAX(0,IFERROR(F13+0,0)+IFERROR(G13+0,0)-IFERROR(H13+0,0)))) | N13: =IF(OR(O13="G",O13="D"),0,IF(AND(K13="",L13=""),0,MAX(0,IFERROR(K13+0,0)+IFERROR(L13+0,0)-IFERROR(M13+0,0)))) | S13: =IF(OR(T13="G",T13="D"),0,IF(AND(P13="",Q13=""),0,MAX(0,IFERROR(P13+0,0)+IFERROR(Q13+0,0)-IFERROR(R13+0,0)))) | X13: =IF(OR(Y13="G",Y13="D"),0,IF(AND(U13="",V13=""),0,MAX(0,IFERROR(U13+0,0)+IFERROR(V13+0,0)-IFERROR(W13+0,0)))) | AC13: =IF(OR(AD13="G",AD13="D"),0,IF(AND(Z13="",AA13=""),0,MAX(0,IFERROR(Z13+0,0)+IFERROR(AA13+0,0)-IFERROR(AB13+0,0)))) | AH13: =IF(OR(AI13="G",AI13="D"),0,IF(AND(AE13="",AF13=""),0,MAX(0,IFERROR(AE13+0,0)+IFERROR(AF13+0,0)-IFERROR(AG13+0,0)))) | AJ13: =IF(B13="","",IF(OR(J13="G",J13="D"),0,I13)+IF(OR(O13="G",O13="D"),0,N13)+IF(OR(T13="G",T13="D"),0,S13)+IF(OR(Y13="G",Y13="D"),0,X13)+IF(OR(AD13="G",AD13="D"),0,AC13)+IF(OR(AI13="G",AI13="D"),0,AH13)) | AK13: =IF(OR(B13="",AJ13=0),"-",RANK.EQ(AJ13,$AJ$6:$AJ$45,0)) | AL13: =IF(OR(B13="",I13=0),"-",IF(OR(J13="G",J13="D"),IF(J13="G","G","D"),COUNTIF($I$6:$I$45,">"&I13)+1)) | AM13: =IF(OR(B13="",N13=0),"-",IF(OR(O13="G",O13="D"),IF(O13="G","G","D"),COUNTIF($N$6:$N$45,">"&N13)+1)) | AN13: =IF(OR(B13="",S13=0),"-",IF(OR(T13="G",T13="D"),IF(T13="G","G","D"),COUNTIF($S$6:$S$45,">"&S13)+1)) | AO13: =IF(OR(B13="",X13=0),"-",IF(OR(Y13="G",Y13="D"),IF(Y13="G","G","D"),COUNTIF($X$6:$X$45,">"&X13)+1)) | AP13: =IF(OR(B13="",AC13=0),"-",IF(OR(AD13="G",AD13="D"),IF(AD13="G","G","D"),COUNTIF($AC$6:$AC$45,">"&AC13)+1)) | AQ13: =IF(OR(B13="",AH13=0),"-",IF(OR(AI13="G",AI13="D"),IF(AI13="G","G","D"),COUNTIF($AH$6:$AH$45,">"&AH13)+1))
A14: 9 | I14: =IF(OR(J14="G",J14="D"),0,IF(AND(F14="",G14=""),0,MAX(0,IFERROR(F14+0,0)+IFERROR(G14+0,0)-IFERROR(H14+0,0)))) | N14: =IF(OR(O14="G",O14="D"),0,IF(AND(K14="",L14=""),0,MAX(0,IFERROR(K14+0,0)+IFERROR(L14+0,0)-IFERROR(M14+0,0)))) | S14: =IF(OR(T14="G",T14="D"),0,IF(AND(P14="",Q14=""),0,MAX(0,IFERROR(P14+0,0)+IFERROR(Q14+0,0)-IFERROR(R14+0,0)))) | X14: =IF(OR(Y14="G",Y14="D"),0,IF(AND(U14="",V14=""),0,MAX(0,IFERROR(U14+0,0)+IFERROR(V14+0,0)-IFERROR(W14+0,0)))) | AC14: =IF(OR(AD14="G",AD14="D"),0,IF(AND(Z14="",AA14=""),0,MAX(0,IFERROR(Z14+0,0)+IFERROR(AA14+0,0)-IFERROR(AB14+0,0)))) | AH14: =IF(OR(AI14="G",AI14="D"),0,IF(AND(AE14="",AF14=""),0,MAX(0,IFERROR(AE14+0,0)+IFERROR(AF14+0,0)-IFERROR(AG14+0,0)))) | AJ14: =IF(B14="","",IF(OR(J14="G",J14="D"),0,I14)+IF(OR(O14="G",O14="D"),0,N14)+IF(OR(T14="G",T14="D"),0,S14)+IF(OR(Y14="G",Y14="D"),0,X14)+IF(OR(AD14="G",AD14="D"),0,AC14)+IF(OR(AI14="G",AI14="D"),0,AH14)) | AK14: =IF(OR(B14="",AJ14=0),"-",RANK.EQ(AJ14,$AJ$6:$AJ$45,0)) | AL14: =IF(OR(B14="",I14=0),"-",IF(OR(J14="G",J14="D"),IF(J14="G","G","D"),COUNTIF($I$6:$I$45,">"&I14)+1)) | AM14: =IF(OR(B14="",N14=0),"-",IF(OR(O14="G",O14="D"),IF(O14="G","G","D"),COUNTIF($N$6:$N$45,">"&N14)+1)) | AN14: =IF(OR(B14="",S14=0),"-",IF(OR(T14="G",T14="D"),IF(T14="G","G","D"),COUNTIF($S$6:$S$45,">"&S14)+1)) | AO14: =IF(OR(B14="",X14=0),"-",IF(OR(Y14="G",Y14="D"),IF(Y14="G","G","D"),COUNTIF($X$6:$X$45,">"&X14)+1)) | AP14: =IF(OR(B14="",AC14=0),"-",IF(OR(AD14="G",AD14="D"),IF(AD14="G","G","D"),COUNTIF($AC$6:$AC$45,">"&AC14)+1)) | AQ14: =IF(OR(B14="",AH14=0),"-",IF(OR(AI14="G",AI14="D"),IF(AI14="G","G","D"),COUNTIF($AH$6:$AH$45,">"&AH14)+1))
A15: 10 | I15: =IF(OR(J15="G",J15="D"),0,IF(AND(F15="",G15=""),0,MAX(0,IFERROR(F15+0,0)+IFERROR(G15+0,0)-IFERROR(H15+0,0)))) | N15: =IF(OR(O15="G",O15="D"),0,IF(AND(K15="",L15=""),0,MAX(0,IFERROR(K15+0,0)+IFERROR(L15+0,0)-IFERROR(M15+0,0)))) | S15: =IF(OR(T15="G",T15="D"),0,IF(AND(P15="",Q15=""),0,MAX(0,IFERROR(P15+0,0)+IFERROR(Q15+0,0)-IFERROR(R15+0,0)))) | X15: =IF(OR(Y15="G",Y15="D"),0,IF(AND(U15="",V15=""),0,MAX(0,IFERROR(U15+0,0)+IFERROR(V15+0,0)-IFERROR(W15+0,0)))) | AC15: =IF(OR(AD15="G",AD15="D"),0,IF(AND(Z15="",AA15=""),0,MAX(0,IFERROR(Z15+0,0)+IFERROR(AA15+0,0)-IFERROR(AB15+0,0)))) | AH15: =IF(OR(AI15="G",AI15="D"),0,IF(AND(AE15="",AF15=""),0,MAX(0,IFERROR(AE15+0,0)+IFERROR(AF15+0,0)-IFERROR(AG15+0,0)))) | AJ15: =IF(B15="","",IF(OR(J15="G",J15="D"),0,I15)+IF(OR(O15="G",O15="D"),0,N15)+IF(OR(T15="G",T15="D"),0,S15)+IF(OR(Y15="G",Y15="D"),0,X15)+IF(OR(AD15="G",AD15="D"),0,AC15)+IF(OR(AI15="G",AI15="D"),0,AH15)) | AK15: =IF(OR(B15="",AJ15=0),"-",RANK.EQ(AJ15,$AJ$6:$AJ$45,0)) | AL15: =IF(OR(B15="",I15=0),"-",IF(OR(J15="G",J15="D"),IF(J15="G","G","D"),COUNTIF($I$6:$I$45,">"&I15)+1)) | AM15: =IF(OR(B15="",N15=0),"-",IF(OR(O15="G",O15="D"),IF(O15="G","G","D"),COUNTIF($N$6:$N$45,">"&N15)+1)) | AN15: =IF(OR(B15="",S15=0),"-",IF(OR(T15="G",T15="D"),IF(T15="G","G","D"),COUNTIF($S$6:$S$45,">"&S15)+1)) | AO15: =IF(OR(B15="",X15=0),"-",IF(OR(Y15="G",Y15="D"),IF(Y15="G","G","D"),COUNTIF($X$6:$X$45,">"&X15)+1)) | AP15: =IF(OR(B15="",AC15=0),"-",IF(OR(AD15="G",AD15="D"),IF(AD15="G","G","D"),COUNTIF($AC$6:$AC$45,">"&AC15)+1)) | AQ15: =IF(OR(B15="",AH15=0),"-",IF(OR(AI15="G",AI15="D"),IF(AI15="G","G","D"),COUNTIF($AH$6:$AH$45,">"&AH15)+1))
A16: 11 | I16: =IF(OR(J16="G",J16="D"),0,IF(AND(F16="",G16=""),0,MAX(0,IFERROR(F16+0,0)+IFERROR(G16+0,0)-IFERROR(H16+0,0)))) | N16: =IF(OR(O16="G",O16="D"),0,IF(AND(K16="",L16=""),0,MAX(0,IFERROR(K16+0,0)+IFERROR(L16+0,0)-IFERROR(M16+0,0)))) | S16: =IF(OR(T16="G",T16="D"),0,IF(AND(P16="",Q16=""),0,MAX(0,IFERROR(P16+0,0)+IFERROR(Q16+0,0)-IFERROR(R16+0,0)))) | X16: =IF(OR(Y16="G",Y16="D"),0,IF(AND(U16="",V16=""),0,MAX(0,IFERROR(U16+0,0)+IFERROR(V16+0,0)-IFERROR(W16+0,0)))) | AC16: =IF(OR(AD16="G",AD16="D"),0,IF(AND(Z16="",AA16=""),0,MAX(0,IFERROR(Z16+0,0)+IFERROR(AA16+0,0)-IFERROR(AB16+0,0)))) | AH16: =IF(OR(AI16="G",AI16="D"),0,IF(AND(AE16="",AF16=""),0,MAX(0,IFERROR(AE16+0,0)+IFERROR(AF16+0,0)-IFERROR(AG16+0,0)))) | AJ16: =IF(B16="","",IF(OR(J16="G",J16="D"),0,I16)+IF(OR(O16="G",O16="D"),0,N16)+IF(OR(T16="G",T16="D"),0,S16)+IF(OR(Y16="G",Y16="D"),0,X16)+IF(OR(AD16="G",AD16="D"),0,AC16)+IF(OR(AI16="G",AI16="D"),0,AH16)) | AK16: =IF(OR(B16="",AJ16=0),"-",RANK.EQ(AJ16,$AJ$6:$AJ$45,0)) | AL16: =IF(OR(B16="",I16=0),"-",IF(OR(J16="G",J16="D"),IF(J16="G","G","D"),COUNTIF($I$6:$I$45,">"&I16)+1)) | AM16: =IF(OR(B16="",N16=0),"-",IF(OR(O16="G",O16="D"),IF(O16="G","G","D"),COUNTIF($N$6:$N$45,">"&N16)+1)) | AN16: =IF(OR(B16="",S16=0),"-",IF(OR(T16="G",T16="D"),IF(T16="G","G","D"),COUNTIF($S$6:$S$45,">"&S16)+1)) | AO16: =IF(OR(B16="",X16=0),"-",IF(OR(Y16="G",Y16="D"),IF(Y16="G","G","D"),COUNTIF($X$6:$X$45,">"&X16)+1)) | AP16: =IF(OR(B16="",AC16=0),"-",IF(OR(AD16="G",AD16="D"),IF(AD16="G","G","D"),COUNTIF($AC$6:$AC$45,">"&AC16)+1)) | AQ16: =IF(OR(B16="",AH16=0),"-",IF(OR(AI16="G",AI16="D"),IF(AI16="G","G","D"),COUNTIF($AH$6:$AH$45,">"&AH16)+1))
A17: 12 | I17: =IF(OR(J17="G",J17="D"),0,IF(AND(F17="",G17=""),0,MAX(0,IFERROR(F17+0,0)+IFERROR(G17+0,0)-IFERROR(H17+0,0)))) | N17: =IF(OR(O17="G",O17="D"),0,IF(AND(K17="",L17=""),0,MAX(0,IFERROR(K17+0,0)+IFERROR(L17+0,0)-IFERROR(M17+0,0)))) | S17: =IF(OR(T17="G",T17="D"),0,IF(AND(P17="",Q17=""),0,MAX(0,IFERROR(P17+0,0)+IFERROR(Q17+0,0)-IFERROR(R17+0,0)))) | X17: =IF(OR(Y17="G",Y17="D"),0,IF(AND(U17="",V17=""),0,MAX(0,IFERROR(U17+0,0)+IFERROR(V17+0,0)-IFERROR(W17+0,0)))) | AC17: =IF(OR(AD17="G",AD17="D"),0,IF(AND(Z17="",AA17=""),0,MAX(0,IFERROR(Z17+0,0)+IFERROR(AA17+0,0)-IFERROR(AB17+0,0)))) | AH17: =IF(OR(AI17="G",AI17="D"),0,IF(AND(AE17="",AF17=""),0,MAX(0,IFERROR(AE17+0,0)+IFERROR(AF17+0,0)-IFERROR(AG17+0,0)))) | AJ17: =IF(B17="","",IF(OR(J17="G",J17="D"),0,I17)+IF(OR(O17="G",O17="D"),0,N17)+IF(OR(T17="G",T17="D"),0,S17)+IF(OR(Y17="G",Y17="D"),0,X17)+IF(OR(AD17="G",AD17="D"),0,AC17)+IF(OR(AI17="G",AI17="D"),0,AH17)) | AK17: =IF(OR(B17="",AJ17=0),"-",RANK.EQ(AJ17,$AJ$6:$AJ$45,0)) | AL17: =IF(OR(B17="",I17=0),"-",IF(OR(J17="G",J17="D"),IF(J17="G","G","D"),COUNTIF($I$6:$I$45,">"&I17)+1)) | AM17: =IF(OR(B17="",N17=0),"-",IF(OR(O17="G",O17="D"),IF(O17="G","G","D"),COUNTIF($N$6:$N$45,">"&N17)+1)) | AN17: =IF(OR(B17="",S17=0),"-",IF(OR(T17="G",T17="D"),IF(T17="G","G","D"),COUNTIF($S$6:$S$45,">"&S17)+1)) | AO17: =IF(OR(B17="",X17=0),"-",IF(OR(Y17="G",Y17="D"),IF(Y17="G","G","D"),COUNTIF($X$6:$X$45,">"&X17)+1)) | AP17: =IF(OR(B17="",AC17=0),"-",IF(OR(AD17="G",AD17="D"),IF(AD17="G","G","D"),COUNTIF($AC$6:$AC$45,">"&AC17)+1)) | AQ17: =IF(OR(B17="",AH17=0),"-",IF(OR(AI17="G",AI17="D"),IF(AI17="G","G","D"),COUNTIF($AH$6:$AH$45,">"&AH17)+1))
... A45: 40 | I45: =IF(OR(J45="G",J45="D"),0,IF(AND(F45="",G45=""),0,MAX(0,IFERROR(F45+0,0)+IFERROR(G45+0,0)-IFERROR(H45+0,0)))) | N45: =IF(OR(O45="G",O45="D"),0,IF(AND(K45="",L45=""),0,MAX(0,IFERROR(K45+0,0)+IFERROR(L45+0,0)-IFERROR(M45+0,0)))) | S45: =IF(OR(T45="G",T45="D"),0,IF(AND(P45="",Q45=""),0,MAX(0,IFERROR(P45+0,0)+IFERROR(Q45+0,0)-IFERROR(R45+0,0)))) | X45: =IF(OR(Y45="G",Y45="D"),0,IF(AND(U45="",V45=""),0,MAX(0,IFERROR(U45+0,0)+IFERROR(V45+0,0)-IFERROR(W45+0,0)))) | AC45: =IF(OR(AD45="G",AD45="D"),0,IF(AND(Z45="",AA45=""),0,MAX(0,IFERROR(Z45+0,0)+IFERROR(AA45+0,0)-IFERROR(AB45+0,0)))) | AH45: =IF(OR(AI45="G",AI45="D"),0,IF(AND(AE45="",AF45=""),0,MAX(0,IFERROR(AE45+0,0)+IFERROR(AF45+0,0)-IFERROR(AG45+0,0)))) | AJ45: =IF(B45="","",IF(OR(J45="G",J45="D"),0,I45)+IF(OR(O45="G",O45="D"),0,N45)+IF(OR(T45="G",T45="D"),0,S45)+IF(OR(Y45="G",Y45="D"),0,X45)+IF(OR(AD45="G",AD45="D"),0,AC45)+IF(OR(AI45="G",AI45="D"),0,AH45)) | AK45: =IF(OR(B45="",AJ45=0),"-",RANK.EQ(AJ45,$AJ$6:$AJ$45,0)) | AL45: =IF(OR(B45="",I45=0),"-",IF(OR(J45="G",J45="D"),IF(J45="G","G","D"),COUNTIF($I$6:$I$45,">"&I45)+1)) | AM45: =IF(OR(B45="",N45=0),"-",IF(OR(O45="G",O45="D"),IF(O45="G","G","D"),COUNTIF($N$6:$N$45,">"&N45)+1)) | AN45: =IF(OR(B45="",S45=0),"-",IF(OR(T45="G",T45="D"),IF(T45="G","G","D"),COUNTIF($S$6:$S$45,">"&S45)+1)) | AO45: =IF(OR(B45="",X45=0),"-",IF(OR(Y45="G",Y45="D"),IF(Y45="G","G","D"),COUNTIF($X$6:$X$45,">"&X45)+1)) | AP45: =IF(OR(B45="",AC45=0),"-",IF(OR(AD45="G",AD45="D"),IF(AD45="G","G","D"),COUNTIF($AC$6:$AC$45,">"&AC45)+1)) | AQ45: =IF(OR(B45="",AH45=0),"-",IF(OR(AI45="G",AI45="D"),IF(AI45="G","G","D"),COUNTIF($AH$6:$AH$45,">"&AH45)+1))
A47: =COUNTA(B6:B45)&" sporcu kayıtlı"

Sheet GENÇ KIZLAR
A1: GENÇ KIZLAR
A2: ='YARIŞMA BİLGİLERİ'!C3&" — "&'YARIŞMA BİLGİLERİ'!C4&" | "&'YARIŞMA BİLGİLERİ'!C5
F3: ATLAMA (VT) | K3: AS.PARALEL (UB) | P3: DENGE (BB) | U3: SERBEST (FX) | AB3: ALET SIRALARI (Eleme Seçimi için)
A4: No | B4: Ad | C4: Soyad | D4: Okul / Kulüp | E4: Tür | F4: D | G4: E | H4: ND | I4: Final | J4: Dur | K4: D | L4: E | M4: ND | N4: Final | O4: Dur | P4: D | Q4: E | R4: ND | S4: Final | T4: Dur | U4: D | V4: E | W4: ND | X4: Final | Y4: Dur | Z4: TOPLAM | AA4: SIRALAMA | AB4: VT | AC4: UB | AD4: BB | AE4: FX
A5: Final = MAX(0, D+E−ND) | Dur: N=Normal · G=Gecersiz · D=Yarışmadı/DNS | Mavi sütun = formül (elle girme) | Yeşil = Toplam | Sarı = Sıralama
A6: 1 | I6: =IF(OR(J6="G",J6="D"),0,IF(AND(F6="",G6=""),0,MAX(0,IFERROR(F6+0,0)+IFERROR(G6+0,0)-IFERROR(H6+0,0)))) | N6: =IF(OR(O6="G",O6="D"),0,IF(AND(K6="",L6=""),0,MAX(0,IFERROR(K6+0,0)+IFERROR(L6+0,0)-IFERROR(M6+0,0)))) | S6: =IF(OR(T6="G",T6="D"),0,IF(AND(P6="",Q6=""),0,MAX(0,IFERROR(P6+0,0)+IFERROR(Q6+0,0)-IFERROR(R6+0,0)))) | X6: =IF(OR(Y6="G",Y6="D"),0,IF(AND(U6="",V6=""),0,MAX(0,IFERROR(U6+0,0)+IFERROR(V6+0,0)-IFERROR(W6+0,0)))) | Z6: =IF(B6="","",IF(OR(J6="G",J6="D"),0,I6)+IF(OR(O6="G",O6="D"),0,N6)+IF(OR(T6="G",T6="D"),0,S6)+IF(OR(Y6="G",Y6="D"),0,X6)) | AA6: =IF(OR(B6="",Z6=0),"-",RANK.EQ(Z6,$Z$6:$Z$45,0)) | AB6: =IF(OR(B6="",I6=0),"-",IF(OR(J6="G",J6="D"),IF(J6="G","G","D"),COUNTIF($I$6:$I$45,">"&I6)+1)) | AC6: =IF(OR(B6="",N6=0),"-",IF(OR(O6="G",O6="D"),IF(O6="G","G","D"),COUNTIF($N$6:$N$45,">"&N6)+1)) | AD6: =IF(OR(B6="",S6=0),"-",IF(OR(T6="G",T6="D"),IF(T6="G","G","D"),COUNTIF($S$6:$S$45,">"&S6)+1)) | AE6: =IF(OR(B6="",X6=0),"-",IF(OR(Y6="G",Y6="D"),IF(Y6="G","G","D"),COUNTIF($X$6:$X$45,">"&X6)+1))
A7: 2 | I7: =IF(OR(J7="G",J7="D"),0,IF(AND(F7="",G7=""),0,MAX(0,IFERROR(F7+0,0)+IFERROR(G7+0,0)-IFERROR(H7+0,0)))) | N7: =IF(OR(O7="G",O7="D"),0,IF(AND(K7="",L7=""),0,MAX(0,IFERROR(K7+0,0)+IFERROR(L7+0,0)-IFERROR(M7+0,0)))) | S7: =IF(OR(T7="G",T7="D"),0,IF(AND(P7="",Q7=""),0,MAX(0,IFERROR(P7+0,0)+IFERROR(Q7+0,0)-IFERROR(R7+0,0)))) | X7: =IF(OR(Y7="G",Y7="D"),0,IF(AND(U7="",V7=""),0,MAX(0,IFERROR(U7+0,0)+IFERROR(V7+0,0)-IFERROR(W7+0,0)))) | Z7: =IF(B7="","",IF(OR(J7="G",J7="D"),0,I7)+IF(OR(O7="G",O7="D"),0,N7)+IF(OR(T7="G",T7="D"),0,S7)+IF(OR(Y7="G",Y7="D"),0,X7)) | AA7: =IF(OR(B7="",Z7=0),"-",RANK.EQ(Z7,$Z$6:$Z$45,0)) | AB7: =IF(OR(B7="",I7=0),"-",IF(OR(J7="G",J7="D"),IF(J7="G","G","D"),COUNTIF($I$6:$I$45,">"&I7)+1)) | AC7: =IF(OR(B7="",N7=0),"-",IF(OR(O7="G",O7="D"),IF(O7="G","G","D"),COUNTIF($N$6:$N$45,">"&N7)+1)) | AD7: =IF(OR(B7="",S7=0),"-",IF(OR(T7="G",T7="D"),IF(T7="G","G","D"),COUNTIF($S$6:$S$45,">"&S7)+1)) | AE7: =IF(OR(B7="",X7=0),"-",IF(OR(Y7="G",Y7="D"),IF(Y7="G","G","D"),COUNTIF($X$6:$X$45,">"&X7)+1))
A8: 3 | I8: =IF(OR(J8="G",J8="D"),0,IF(AND(F8="",G8=""),0,MAX(0,IFERROR(F8+0,0)+IFERROR(G8+0,0)-IFERROR(H8+0,0)))) | N8: =IF(OR(O8="G",O8="D"),0,IF(AND(K8="",L8=""),0,MAX(0,IFERROR(K8+0,0)+IFERROR(L8+0,0)-IFERROR(M8+0,0)))) | S8: =IF(OR(T8="G",T8="D"),0,IF(AND(P8="",Q8=""),0,MAX(0,IFERROR(P8+0,0)+IFERROR(Q8+0,0)-IFERROR(R8+0,0)))) | X8: =IF(OR(Y8="G",Y8="D"),0,IF(AND(U8="",V8=""),0,MAX(0,IFERROR(U8+0,0)+IFERROR(V8+0,0)-IFERROR(W8+0,0)))) | Z8: =IF(B8="","",IF(OR(J8="G",J8="D"),0,I8)+IF(OR(O8="G",O8="D"),0,N8)+IF(OR(T8="G",T8="D"),0,S8)+IF(OR(Y8="G",Y8="D"),0,X8)) | AA8: =IF(OR(B8="",Z8=0),"-",RANK.EQ(Z8,$Z$6:$Z$45,0)) | AB8: =IF(OR(B8="",I8=0),"-",IF(OR(J8="G",J8="D"),IF(J8="G","G","D"),COUNTIF($I$6:$I$45,">"&I8)+1)) | AC8: =IF(OR(B8="",N8=0),"-",IF(OR(O8="G",O8="D"),IF(O8="G","G","D"),COUNTIF($N$6:$N$45,">"&N8)+1)) | AD8: =IF(OR(B8="",S8=0),"-",IF(OR(T8="G",T8="D"),IF(T8="G","G","D"),COUNTIF($S$6:$S$45,">"&S8)+1)) | AE8: =IF(OR(B8="",X8=0),"-",IF(OR(Y8="G",Y8="D"),IF(Y8="G","G","D"),COUNTIF($X$6:$X$45,">"&X8)+1))
A9: 4 | I9: =IF(OR(J9="G",J9="D"),0,IF(AND(F9="",G9=""),0,MAX(0,IFERROR(F9+0,0)+IFERROR(G9+0,0)-IFERROR(H9+0,0)))) | N9: =IF(OR(O9="G",O9="D"),0,IF(AND(K9="",L9=""),0,MAX(0,IFERROR(K9+0,0)+IFERROR(L9+0,0)-IFERROR(M9+0,0)))) | S9: =IF(OR(T9="G",T9="D"),0,IF(AND(P9="",Q9=""),0,MAX(0,IFERROR(P9+0,0)+IFERROR(Q9+0,0)-IFERROR(R9+0,0)))) | X9: =IF(OR(Y9="G",Y9="D"),0,IF(AND(U9="",V9=""),0,MAX(0,IFERROR(U9+0,0)+IFERROR(V9+0,0)-IFERROR(W9+0,0)))) | Z9: =IF(B9="","",IF(OR(J9="G",J9="D"),0,I9)+IF(OR(O9="G",O9="D"),0,N9)+IF(OR(T9="G",T9="D"),0,S9)+IF(OR(Y9="G",Y9="D"),0,X9)) | AA9: =IF(OR(B9="",Z9=0),"-",RANK.EQ(Z9,$Z$6:$Z$45,0)) | AB9: =IF(OR(B9="",I9=0),"-",IF(OR(J9="G",J9="D"),IF(J9="G","G","D"),COUNTIF($I$6:$I$45,">"&I9)+1)) | AC9: =IF(OR(B9="",N9=0),"-",IF(OR(O9="G",O9="D"),IF(O9="G","G","D"),COUNTIF($N$6:$N$45,">"&N9)+1)) | AD9: =IF(OR(B9="",S9=0),"-",IF(OR(T9="G",T9="D"),IF(T9="G","G","D"),COUNTIF($S$6:$S$45,">"&S9)+1)) | AE9: =IF(OR(B9="",X9=0),"-",IF(OR(Y9="G",Y9="D"),IF(Y9="G","G","D"),COUNTIF($X$6:$X$45,">"&X9)+1))
A10: 5 | I10: =IF(OR(J10="G",J10="D"),0,IF(AND(F10="",G10=""),0,MAX(0,IFERROR(F10+0,0)+IFERROR(G10+0,0)-IFERROR(H10+0,0)))) | N10: =IF(OR(O10="G",O10="D"),0,IF(AND(K10="",L10=""),0,MAX(0,IFERROR(K10+0,0)+IFERROR(L10+0,0)-IFERROR(M10+0,0)))) | S10: =IF(OR(T10="G",T10="D"),0,IF(AND(P10="",Q10=""),0,MAX(0,IFERROR(P10+0,0)+IFERROR(Q10+0,0)-IFERROR(R10+0,0)))) | X10: =IF(OR(Y10="G",Y10="D"),0,IF(AND(U10="",V10=""),0,MAX(0,IFERROR(U10+0,0)+IFERROR(V10+0,0)-IFERROR(W10+0,0)))) | Z10: =IF(B10="","",IF(OR(J10="G",J10="D"),0,I10)+IF(OR(O10="G",O10="D"),0,N10)+IF(OR(T10="G",T10="D"),0,S10)+IF(OR(Y10="G",Y10="D"),0,X10)) | AA10: =IF(OR(B10="",Z10=0),"-",RANK.EQ(Z10,$Z$6:$Z$45,0)) | AB10: =IF(OR(B10="",I10=0),"-",IF(OR(J10="G",J10="D"),IF(J10="G","G","D"),COUNTIF($I$6:$I$45,">"&I10)+1)) | AC10: =IF(OR(B10="",N10=0),"-",IF(OR(O10="G",O10="D"),IF(O10="G","G","D"),COUNTIF($N$6:$N$45,">"&N10)+1)) | AD10: =IF(OR(B10="",S10=0),"-",IF(OR(T10="G",T10="D"),IF(T10="G","G","D"),COUNTIF($S$6:$S$45,">"&S10)+1)) | AE10: =IF(OR(B10="",X10=0),"-",IF(OR(Y10="G",Y10="D"),IF(Y10="G","G","D"),COUNTIF($X$6:$X$45,">"&X10)+1))
A11: 6 | I11: =IF(OR(J11="G",J11="D"),0,IF(AND(F11="",G11=""),0,MAX(0,IFERROR(F11+0,0)+IFERROR(G11+0,0)-IFERROR(H11+0,0)))) | N11: =IF(OR(O11="G",O11="D"),0,IF(AND(K11="",L11=""),0,MAX(0,IFERROR(K11+0,0)+IFERROR(L11+0,0)-IFERROR(M11+0,0)))) | S11: =IF(OR(T11="G",T11="D"),0,IF(AND(P11="",Q11=""),0,MAX(0,IFERROR(P11+0,0)+IFERROR(Q11+0,0)-IFERROR(R11+0,0)))) | X11: =IF(OR(Y11="G",Y11="D"),0,IF(AND(U11="",V11=""),0,MAX(0,IFERROR(U11+0,0)+IFERROR(V11+0,0)-IFERROR(W11+0,0)))) | Z11: =IF(B11="","",IF(OR(J11="G",J11="D"),0,I11)+IF(OR(O11="G",O11="D"),0,N11)+IF(OR(T11="G",T11="D"),0,S11)+IF(OR(Y11="G",Y11="D"),0,X11)) | AA11: =IF(OR(B11="",Z11=0),"-",RANK.EQ(Z11,$Z$6:$Z$45,0)) | AB11: =IF(OR(B11="",I11=0),"-",IF(OR(J11="G",J11="D"),IF(J11="G","G","D"),COUNTIF($I$6:$I$45,">"&I11)+1)) | AC11: =IF(OR(B11="",N11=0),"-",IF(OR(O11="G",O11="D"),IF(O11="G","G","D"),COUNTIF($N$6:$N$45,">"&N11)+1)) | AD11: =IF(OR(B11="",S11=0),"-",IF(OR(T11="G",T11="D"),IF(T11="G","G","D"),COUNTIF($S$6:$S$45,">"&S11)+1)) | AE11: =IF(OR(B11="",X11=0),"-",IF(OR(Y11="G",Y11="D"),IF(Y11="G","G","D"),COUNTIF($X$6:$X$45,">"&X11)+1))
A12: 7 | I12: =IF(OR(J12="G",J12="D"),0,IF(AND(F12="",G12=""),0,MAX(0,IFERROR(F12+0,0)+IFERROR(G12+0,0)-IFERROR(H12+0,0)))) | N12: =IF(OR(O12="G",O12="D"),0,IF(AND(K12="",L12=""),0,MAX(0,IFERROR(K12+0,0)+IFERROR(L12+0,0)-IFERROR(M12+0,0)))) | S12: =IF(OR(T12="G",T12="D"),0,IF(AND(P12="",Q12=""),0,MAX(0,IFERROR(P12+0,0)+IFERROR(Q12+0,0)-IFERROR(R12+0,0)))) | X12: =IF(OR(Y12="G",Y12="D"),0,IF(AND(U12="",V12=""),0,MAX(0,IFERROR(U12+0,0)+IFERROR(V12+0,0)-IFERROR(W12+0,0)))) | Z12: =IF(B12="","",IF(OR(J12="G",J12="D"),0,I12)+IF(OR(O12="G",O12="D"),0,N12)+IF(OR(T12="G",T12="D"),0,S12)+IF(OR(Y12="G",Y12="D"),0,X12)) | AA12: =IF(OR(B12="",Z12=0),"-",RANK.EQ(Z12,$Z$6:$Z$45,0)) | AB12: =IF(OR(B12="",I12=0),"-",IF(OR(J12="G",J12="D"),IF(J12="G","G","D"),COUNTIF($I$6:$I$45,">"&I12)+1)) | AC12: =IF(OR(B12="",N12=0),"-",IF(OR(O12="G",O12="D"),IF(O12="G","G","D"),COUNTIF($N$6:$N$45,">"&N12)+1)) | AD12: =IF(OR(B12="",S12=0),"-",IF(OR(T12="G",T12="D"),IF(T12="G","G","D"),COUNTIF($S$6:$S$45,">"&S12)+1)) | AE12: =IF(OR(B12="",X12=0),"-",IF(OR(Y12="G",Y12="D"),IF(Y12="G","G","D"),COUNTIF($X$6:$X$45,">"&X12)+1))
A13: 8 | I13: =IF(OR(J13="G",J13="D"),0,IF(AND(F13="",G13=""),0,MAX(0,IFERROR(F13+0,0)+IFERROR(G13+0,0)-IFERROR(H13+0,0)))) | N13: =IF(OR(O13="G",O13="D"),0,IF(AND(K13="",L13=""),0,MAX(0,IFERROR(K13+0,0)+IFERROR(L13+0,0)-IFERROR(M13+0,0)))) | S13: =IF(OR(T13="G",T13="D"),0,IF(AND(P13="",Q13=""),0,MAX(0,IFERROR(P13+0,0)+IFERROR(Q13+0,0)-IFERROR(R13+0,0)))) | X13: =IF(OR(Y13="G",Y13="D"),0,IF(AND(U13="",V13=""),0,MAX(0,IFERROR(U13+0,0)+IFERROR(V13+0,0)-IFERROR(W13+0,0)))) | Z13: =IF(B13="","",IF(OR(J13="G",J13="D"),0,I13)+IF(OR(O13="G",O13="D"),0,N13)+IF(OR(T13="G",T13="D"),0,S13)+IF(OR(Y13="G",Y13="D"),0,X13)) | AA13: =IF(OR(B13="",Z13=0),"-",RANK.EQ(Z13,$Z$6:$Z$45,0)) | AB13: =IF(OR(B13="",I13=0),"-",IF(OR(J13="G",J13="D"),IF(J13="G","G","D"),COUNTIF($I$6:$I$45,">"&I13)+1)) | AC13: =IF(OR(B13="",N13=0),"-",IF(OR(O13="G",O13="D"),IF(O13="G","G","D"),COUNTIF($N$6:$N$45,">"&N13)+1)) | AD13: =IF(OR(B13="",S13=0),"-",IF(OR(T13="G",T13="D"),IF(T13="G","G","D"),COUNTIF($S$6:$S$45,">"&S13)+1)) | AE13: =IF(OR(B13="",X13=0),"-",IF(OR(Y13="G",Y13="D"),IF(Y13="G","G","D"),COUNTIF($X$6:$X$45,">"&X13)+1))
A14: 9 | I14: =IF(OR(J14="G",J14="D"),0,IF(AND(F14="",G14=""),0,MAX(0,IFERROR(F14+0,0)+IFERROR(G14+0,0)-IFERROR(H14+0,0)))) | N14: =IF(OR(O14="G",O14="D"),0,IF(AND(K14="",L14=""),0,MAX(0,IFERROR(K14+0,0)+IFERROR(L14+0,0)-IFERROR(M14+0,0)))) | S14: =IF(OR(T14="G",T14="D"),0,IF(AND(P14="",Q14=""),0,MAX(0,IFERROR(P14+0,0)+IFERROR(Q14+0,0)-IFERROR(R14+0,0)))) | X14: =IF(OR(Y14="G",Y14="D"),0,IF(AND(U14="",V14=""),0,MAX(0,IFERROR(U14+0,0)+IFERROR(V14+0,0)-IFERROR(W14+0,0)))) | Z14: =IF(B14="","",IF(OR(J14="G",J14="D"),0,I14)+IF(OR(O14="G",O14="D"),0,N14)+IF(OR(T14="G",T14="D"),0,S14)+IF(OR(Y14="G",Y14="D"),0,X14)) | AA14: =IF(OR(B14="",Z14=0),"-",RANK.EQ(Z14,$Z$6:$Z$45,0)) | AB14: =IF(OR(B14="",I14=0),"-",IF(OR(J14="G",J14="D"),IF(J14="G","G","D"),COUNTIF($I$6:$I$45,">"&I14)+1)) | AC14: =IF(OR(B14="",N14=0),"-",IF(OR(O14="G",O14="D"),IF(O14="G","G","D"),COUNTIF($N$6:$N$45,">"&N14)+1)) | AD14: =IF(OR(B14="",S14=0),"-",IF(OR(T14="G",T14="D"),IF(T14="G","G","D"),COUNTIF($S$6:$S$45,">"&S14)+1)) | AE14: =IF(OR(B14="",X14=0),"-",IF(OR(Y14="G",Y14="D"),IF(Y14="G","G","D"),COUNTIF($X$6:$X$45,">"&X14)+1))
A15: 10 | I15: =IF(OR(J15="G",J15="D"),0,IF(AND(F15="",G15=""),0,MAX(0,IFERROR(F15+0,0)+IFERROR(G15+0,0)-IFERROR(H15+0,0)))) | N15: =IF(OR(O15="G",O15="D"),0,IF(AND(K15="",L15=""),0,MAX(0,IFERROR(K15+0,0)+IFERROR(L15+0,0)-IFERROR(M15+0,0)))) | S15: =IF(OR(T15="G",T15="D"),0,IF(AND(P15="",Q15=""),0,MAX(0,IFERROR(P15+0,0)+IFERROR(Q15+0,0)-IFERROR(R15+0,0)))) | X15: =IF(OR(Y15="G",Y15="D"),0,IF(AND(U15="",V15=""),0,MAX(0,IFERROR(U15+0,0)+IFERROR(V15+0,0)-IFERROR(W15+0,0)))) | Z15: =IF(B15="","",IF(OR(J15="G",J15="D"),0,I15)+IF(OR(O15="G",O15="D"),0,N15)+IF(OR(T15="G",T15="D"),0,S15)+IF(OR(Y15="G",Y15="D"),0,X15)) | AA15: =IF(OR(B15="",Z15=0),"-",RANK.EQ(Z15,$Z$6:$Z$45,0)) | AB15: =IF(OR(B15="",I15=0),"-",IF(OR(J15="G",J15="D"),IF(J15="G","G","D"),COUNTIF($I$6:$I$45,">"&I15)+1)) | AC15: =IF(OR(B15="",N15=0),"-",IF(OR(O15="G",O15="D"),IF(O15="G","G","D"),COUNTIF($N$6:$N$45,">"&N15)+1)) | AD15: =IF(OR(B15="",S15=0),"-",IF(OR(T15="G",T15="D"),IF(T15="G","G","D"),COUNTIF($S$6:$S$45,">"&S15)+1)) | AE15: =IF(OR(B15="",X15=0),"-",IF(OR(Y15="G",Y15="D"),IF(Y15="G","G","D"),COUNTIF($X$6:$X$45,">"&X15)+1))
A16: 11 | I16: =IF(OR(J16="G",J16="D"),0,IF(AND(F16="",G16=""),0,MAX(0,IFERROR(F16+0,0)+IFERROR(G16+0,0)-IFERROR(H16+0,0)))) | N16: =IF(OR(O16="G",O16="D"),0,IF(AND(K16="",L16=""),0,MAX(0,IFERROR(K16+0,0)+IFERROR(L16+0,0)-IFERROR(M16+0,0)))) | S16: =IF(OR(T16="G",T16="D"),0,IF(AND(P16="",Q16=""),0,MAX(0,IFERROR(P16+0,0)+IFERROR(Q16+0,0)-IFERROR(R16+0,0)))) | X16: =IF(OR(Y16="G",Y16="D"),0,IF(AND(U16="",V16=""),0,MAX(0,IFERROR(U16+0,0)+IFERROR(V16+0,0)-IFERROR(W16+0,0)))) | Z16: =IF(B16="","",IF(OR(J16="G",J16="D"),0,I16)+IF(OR(O16="G",O16="D"),0,N16)+IF(OR(T16="G",T16="D"),0,S16)+IF(OR(Y16="G",Y16="D"),0,X16)) | AA16: =IF(OR(B16="",Z16=0),"-",RANK.EQ(Z16,$Z$6:$Z$45,0)) | AB16: =IF(OR(B16="",I16=0),"-",IF(OR(J16="G",J16="D"),IF(J16="G","G","D"),COUNTIF($I$6:$I$45,">"&I16)+1)) | AC16: =IF(OR(B16="",N16=0),"-",IF(OR(O16="G",O16="D"),IF(O16="G","G","D"),COUNTIF($N$6:$N$45,">"&N16)+1)) | AD16: =IF(OR(B16="",S16=0),"-",IF(OR(T16="G",T16="D"),IF(T16="G","G","D"),COUNTIF($S$6:$S$45,">"&S16)+1)) | AE16: =IF(OR(B16="",X16=0),"-",IF(OR(Y16="G",Y16="D"),IF(Y16="G","G","D"),COUNTIF($X$6:$X$45,">"&X16)+1))
A17: 12 | I17: =IF(OR(J17="G",J17="D"),0,IF(AND(F17="",G17=""),0,MAX(0,IFERROR(F17+0,0)+IFERROR(G17+0,0)-IFERROR(H17+0,0)))) | N17: =IF(OR(O17="G",O17="D"),0,IF(AND(K17="",L17=""),0,MAX(0,IFERROR(K17+0,0)+IFERROR(L17+0,0)-IFERROR(M17+0,0)))) | S17: =IF(OR(T17="G",T17="D"),0,IF(AND(P17="",Q17=""),0,MAX(0,IFERROR(P17+0,0)+IFERROR(Q17+0,0)-IFERROR(R17+0,0)))) | X17: =IF(OR(Y17="G",Y17="D"),0,IF(AND(U17="",V17=""),0,MAX(0,IFERROR(U17+0,0)+IFERROR(V17+0,0)-IFERROR(W17+0,0)))) | Z17: =IF(B17="","",IF(OR(J17="G",J17="D"),0,I17)+IF(OR(O17="G",O17="D"),0,N17)+IF(OR(T17="G",T17="D"),0,S17)+IF(OR(Y17="G",Y17="D"),0,X17)) | AA17: =IF(OR(B17="",Z17=0),"-",RANK.EQ(Z17,$Z$6:$Z$45,0)) | AB17: =IF(OR(B17="",I17=0),"-",IF(OR(J17="G",J17="D"),IF(J17="G","G","D"),COUNTIF($I$6:$I$45,">"&I17)+1)) | AC17: =IF(OR(B17="",N17=0),"-",IF(OR(O17="G",O17="D"),IF(O17="G","G","D"),COUNTIF($N$6:$N$45,">"&N17)+1)) | AD17: =IF(OR(B17="",S17=0),"-",IF(OR(T17="G",T17="D"),IF(T17="G","G","D"),COUNTIF($S$6:$S$45,">"&S17)+1)) | AE17: =IF(OR(B17="",X17=0),"-",IF(OR(Y17="G",Y17="D"),IF(Y17="G","G","D"),COUNTIF($X$6:$X$45,">"&X17)+1))
... A45: 40 | I45: =IF(OR(J45="G",J45="D"),0,IF(AND(F45="",G45=""),0,MAX(0,IFERROR(F45+0,0)+IFERROR(G45+0,0)-IFERROR(H45+0,0)))) | N45: =IF(OR(O45="G",O45="D"),0,IF(AND(K45="",L45=""),0,MAX(0,IFERROR(K45+0,0)+IFERROR(L45+0,0)-IFERROR(M45+0,0)))) | S45: =IF(OR(T45="G",T45="D"),0,IF(AND(P45="",Q45=""),0,MAX(0,IFERROR(P45+0,0)+IFERROR(Q45+0,0)-IFERROR(R45+0,0)))) | X45: =IF(OR(Y45="G",Y45="D"),0,IF(AND(U45="",V45=""),0,MAX(0,IFERROR(U45+0,0)+IFERROR(V45+0,0)-IFERROR(W45+0,0)))) | Z45: =IF(B45="","",IF(OR(J45="G",J45="D"),0,I45)+IF(OR(O45="G",O45="D"),0,N45)+IF(OR(T45="G",T45="D"),0,S45)+IF(OR(Y45="G",Y45="D"),0,X45)) | AA45: =IF(OR(B45="",Z45=0),"-",RANK.EQ(Z45,$Z$6:$Z$45,0)) | AB45: =IF(OR(B45="",I45=0),"-",IF(OR(J45="G",J45="D"),IF(J45="G","G","D"),COUNTIF($I$6:$I$45,">"&I45)+1)) | AC45: =IF(OR(B45="",N45=0),"-",IF(OR(O45="G",O45="D"),IF(O45="G","G","D"),COUNTIF($N$6:$N$45,">"&N45)+1)) | AD45: =IF(OR(B45="",S45=0),"-",IF(OR(T45="G",T45="D"),IF(T45="G","G","D"),COUNTIF($S$6:$S$45,">"&S45)+1)) | AE45: =IF(OR(B45="",X45=0),"-",IF(OR(Y45="G",Y45="D"),IF(Y45="G","G","D"),COUNTIF($X$6:$X$45,">"&X45)+1))
A47: =COUNTA(B6:B45)&" sporcu kayıtlı"

Sheet GENÇ ERKEKLER
A1: GENÇ ERKEKLER
A2: ='YARIŞMA BİLGİLERİ'!C3&" — "&'YARIŞMA BİLGİLERİ'!C4&" | "&'YARIŞMA BİLGİLERİ'!C5
F3: YER (FX) | K3: KULPLU BEYGIR (PH) | P3: HALKA (SR) | U3: ATLAMA (VT) | Z3: PARALEL (PB) | AE3: BARFIKS (HB) | AL3: ALET SIRALARI (Eleme Seçimi için)
A4: No | B4: Ad | C4: Soyad | D4: Okul / Kulüp | E4: Tür | F4: D | G4: E | H4: ND | I4: Final | J4: Dur | K4: D | L4: E | M4: ND | N4: Final | O4: Dur | P4: D | Q4: E | R4: ND | S4: Final | T4: Dur | U4: D | V4: E | W4: ND | X4: Final | Y4: Dur | Z4: D | AA4: E | AB4: ND | AC4: Final | AD4: Dur | AE4: D | AF4: E | AG4: ND | AH4: Final | AI4: Dur | AJ4: TOPLAM | AK4: SIRALAMA | AL4: FX | AM4: PH | AN4: SR | AO4: VT | AP4: PB | AQ4: HB
A5: Final = MAX(0, D+E−ND) | Dur: N=Normal · G=Gecersiz · D=Yarışmadı/DNS | Mavi sütun = formül (elle girme) | Yeşil = Toplam | Sarı = Sıralama
A6: 1 | I6: =IF(OR(J6="G",J6="D"),0,IF(AND(F6="",G6=""),0,MAX(0,IFERROR(F6+0,0)+IFERROR(G6+0,0)-IFERROR(H6+0,0)))) | N6: =IF(OR(O6="G",O6="D"),0,IF(AND(K6="",L6=""),0,MAX(0,IFERROR(K6+0,0)+IFERROR(L6+0,0)-IFERROR(M6+0,0)))) | S6: =IF(OR(T6="G",T6="D"),0,IF(AND(P6="",Q6=""),0,MAX(0,IFERROR(P6+0,0)+IFERROR(Q6+0,0)-IFERROR(R6+0,0)))) | X6: =IF(OR(Y6="G",Y6="D"),0,IF(AND(U6="",V6=""),0,MAX(0,IFERROR(U6+0,0)+IFERROR(V6+0,0)-IFERROR(W6+0,0)))) | AC6: =IF(OR(AD6="G",AD6="D"),0,IF(AND(Z6="",AA6=""),0,MAX(0,IFERROR(Z6+0,0)+IFERROR(AA6+0,0)-IFERROR(AB6+0,0)))) | AH6: =IF(OR(AI6="G",AI6="D"),0,IF(AND(AE6="",AF6=""),0,MAX(0,IFERROR(AE6+0,0)+IFERROR(AF6+0,0)-IFERROR(AG6+0,0)))) | AJ6: =IF(B6="","",IF(OR(J6="G",J6="D"),0,I6)+IF(OR(O6="G",O6="D"),0,N6)+IF(OR(T6="G",T6="D"),0,S6)+IF(OR(Y6="G",Y6="D"),0,X6)+IF(OR(AD6="G",AD6="D"),0,AC6)+IF(OR(AI6="G",AI6="D"),0,AH6)) | AK6: =IF(OR(B6="",AJ6=0),"-",RANK.EQ(AJ6,$AJ$6:$AJ$45,0)) | AL6: =IF(OR(B6="",I6=0),"-",IF(OR(J6="G",J6="D"),IF(J6="G","G","D"),COUNTIF($I$6:$I$45,">"&I6)+1)) | AM6: =IF(OR(B6="",N6=0),"-",IF(OR(O6="G",O6="D"),IF(O6="G","G","D"),COUNTIF($N$6:$N$45,">"&N6)+1)) | AN6: =IF(OR(B6="",S6=0),"-",IF(OR(T6="G",T6="D"),IF(T6="G","G","D"),COUNTIF($S$6:$S$45,">"&S6)+1)) | AO6: =IF(OR(B6="",X6=0),"-",IF(OR(Y6="G",Y6="D"),IF(Y6="G","G","D"),COUNTIF($X$6:$X$45,">"&X6)+1)) | AP6: =IF(OR(B6="",AC6=0),"-",IF(OR(AD6="G",AD6="D"),IF(AD6="G","G","D"),COUNTIF($AC$6:$AC$45,">"&AC6)+1)) | AQ6: =IF(OR(B6="",AH6=0),"-",IF(OR(AI6="G",AI6="D"),IF(AI6="G","G","D"),COUNTIF($AH$6:$AH$45,">"&AH6)+1))
A7: 2 | I7: =IF(OR(J7="G",J7="D"),0,IF(AND(F7="",G7=""),0,MAX(0,IFERROR(F7+0,0)+IFERROR(G7+0,0)-IFERROR(H7+0,0)))) | N7: =IF(OR(O7="G",O7="D"),0,IF(AND(K7="",L7=""),0,MAX(0,IFERROR(K7+0,0)+IFERROR(L7+0,0)-IFERROR(M7+0,0)))) | S7: =IF(OR(T7="G",T7="D"),0,IF(AND(P7="",Q7=""),0,MAX(0,IFERROR(P7+0,0)+IFERROR(Q7+0,0)-IFERROR(R7+0,0)))) | X7: =IF(OR(Y7="G",Y7="D"),0,IF(AND(U7="",V7=""),0,MAX(0,IFERROR(U7+0,0)+IFERROR(V7+0,0)-IFERROR(W7+0,0)))) | AC7: =IF(OR(AD7="G",AD7="D"),0,IF(AND(Z7="",AA7=""),0,MAX(0,IFERROR(Z7+0,0)+IFERROR(AA7+0,0)-IFERROR(AB7+0,0)))) | AH7: =IF(OR(AI7="G",AI7="D"),0,IF(AND(AE7="",AF7=""),0,MAX(0,IFERROR(AE7+0,0)+IFERROR(AF7+0,0)-IFERROR(AG7+0,0)))) | AJ7: =IF(B7="","",IF(OR(J7="G",J7="D"),0,I7)+IF(OR(O7="G",O7="D"),0,N7)+IF(OR(T7="G",T7="D"),0,S7)+IF(OR(Y7="G",Y7="D"),0,X7)+IF(OR(AD7="G",AD7="D"),0,AC7)+IF(OR(AI7="G",AI7="D"),0,AH7)) | AK7: =IF(OR(B7="",AJ7=0),"-",RANK.EQ(AJ7,$AJ$6:$AJ$45,0)) | AL7: =IF(OR(B7="",I7=0),"-",IF(OR(J7="G",J7="D"),IF(J7="G","G","D"),COUNTIF($I$6:$I$45,">"&I7)+1)) | AM7: =IF(OR(B7="",N7=0),"-",IF(OR(O7="G",O7="D"),IF(O7="G","G","D"),COUNTIF($N$6:$N$45,">"&N7)+1)) | AN7: =IF(OR(B7="",S7=0),"-",IF(OR(T7="G",T7="D"),IF(T7="G","G","D"),COUNTIF($S$6:$S$45,">"&S7)+1)) | AO7: =IF(OR(B7="",X7=0),"-",IF(OR(Y7="G",Y7="D"),IF(Y7="G","G","D"),COUNTIF($X$6:$X$45,">"&X7)+1)) | AP7: =IF(OR(B7="",AC7=0),"-",IF(OR(AD7="G",AD7="D"),IF(AD7="G","G","D"),COUNTIF($AC$6:$AC$45,">"&AC7)+1)) | AQ7: =IF(OR(B7="",AH7=0),"-",IF(OR(AI7="G",AI7="D"),IF(AI7="G","G","D"),COUNTIF($AH$6:$AH$45,">"&AH7)+1))
A8: 3 | I8: =IF(OR(J8="G",J8="D"),0,IF(AND(F8="",G8=""),0,MAX(0,IFERROR(F8+0,0)+IFERROR(G8+0,0)-IFERROR(H8+0,0)))) | N8: =IF(OR(O8="G",O8="D"),0,IF(AND(K8="",L8=""),0,MAX(0,IFERROR(K8+0,0)+IFERROR(L8+0,0)-IFERROR(M8+0,0)))) | S8: =IF(OR(T8="G",T8="D"),0,IF(AND(P8="",Q8=""),0,MAX(0,IFERROR(P8+0,0)+IFERROR(Q8+0,0)-IFERROR(R8+0,0)))) | X8: =IF(OR(Y8="G",Y8="D"),0,IF(AND(U8="",V8=""),0,MAX(0,IFERROR(U8+0,0)+IFERROR(V8+0,0)-IFERROR(W8+0,0)))) | AC8: =IF(OR(AD8="G",AD8="D"),0,IF(AND(Z8="",AA8=""),0,MAX(0,IFERROR(Z8+0,0)+IFERROR(AA8+0,0)-IFERROR(AB8+0,0)))) | AH8: =IF(OR(AI8="G",AI8="D"),0,IF(AND(AE8="",AF8=""),0,MAX(0,IFERROR(AE8+0,0)+IFERROR(AF8+0,0)-IFERROR(AG8+0,0)))) | AJ8: =IF(B8="","",IF(OR(J8="G",J8="D"),0,I8)+IF(OR(O8="G",O8="D"),0,N8)+IF(OR(T8="G",T8="D"),0,S8)+IF(OR(Y8="G",Y8="D"),0,X8)+IF(OR(AD8="G",AD8="D"),0,AC8)+IF(OR(AI8="G",AI8="D"),0,AH8)) | AK8: =IF(OR(B8="",AJ8=0),"-",RANK.EQ(AJ8,$AJ$6:$AJ$45,0)) | AL8: =IF(OR(B8="",I8=0),"-",IF(OR(J8="G",J8="D"),IF(J8="G","G","D"),COUNTIF($I$6:$I$45,">"&I8)+1)) | AM8: =IF(OR(B8="",N8=0),"-",IF(OR(O8="G",O8="D"),IF(O8="G","G","D"),COUNTIF($N$6:$N$45,">"&N8)+1)) | AN8: =IF(OR(B8="",S8=0),"-",IF(OR(T8="G",T8="D"),IF(T8="G","G","D"),COUNTIF($S$6:$S$45,">"&S8)+1)) | AO8: =IF(OR(B8="",X8=0),"-",IF(OR(Y8="G",Y8="D"),IF(Y8="G","G","D"),COUNTIF($X$6:$X$45,">"&X8)+1)) | AP8: =IF(OR(B8="",AC8=0),"-",IF(OR(AD8="G",AD8="D"),IF(AD8="G","G","D"),COUNTIF($AC$6:$AC$45,">"&AC8)+1)) | AQ8: =IF(OR(B8="",AH8=0),"-",IF(OR(AI8="G",AI8="D"),IF(AI8="G","G","D"),COUNTIF($AH$6:$AH$45,">"&AH8)+1))
A9: 4 | I9: =IF(OR(J9="G",J9="D"),0,IF(AND(F9="",G9=""),0,MAX(0,IFERROR(F9+0,0)+IFERROR(G9+0,0)-IFERROR(H9+0,0)))) | N9: =IF(OR(O9="G",O9="D"),0,IF(AND(K9="",L9=""),0,MAX(0,IFERROR(K9+0,0)+IFERROR(L9+0,0)-IFERROR(M9+0,0)))) | S9: =IF(OR(T9="G",T9="D"),0,IF(AND(P9="",Q9=""),0,MAX(0,IFERROR(P9+0,0)+IFERROR(Q9+0,0)-IFERROR(R9+0,0)))) | X9: =IF(OR(Y9="G",Y9="D"),0,IF(AND(U9="",V9=""),0,MAX(0,IFERROR(U9+0,0)+IFERROR(V9+0,0)-IFERROR(W9+0,0)))) | AC9: =IF(OR(AD9="G",AD9="D"),0,IF(AND(Z9="",AA9=""),0,MAX(0,IFERROR(Z9+0,0)+IFERROR(AA9+0,0)-IFERROR(AB9+0,0)))) | AH9: =IF(OR(AI9="G",AI9="D"),0,IF(AND(AE9="",AF9=""),0,MAX(0,IFERROR(AE9+0,0)+IFERROR(AF9+0,0)-IFERROR(AG9+0,0)))) | AJ9: =IF(B9="","",IF(OR(J9="G",J9="D"),0,I9)+IF(OR(O9="G",O9="D"),0,N9)+IF(OR(T9="G",T9="D"),0,S9)+IF(OR(Y9="G",Y9="D"),0,X9)+IF(OR(AD9="G",AD9="D"),0,AC9)+IF(OR(AI9="G",AI9="D"),0,AH9)) | AK9: =IF(OR(B9="",AJ9=0),"-",RANK.EQ(AJ9,$AJ$6:$AJ$45,0)) | AL9: =IF(OR(B9="",I9=0),"-",IF(OR(J9="G",J9="D"),IF(J9="G","G","D"),COUNTIF($I$6:$I$45,">"&I9)+1)) | AM9: =IF(OR(B9="",N9=0),"-",IF(OR(O9="G",O9="D"),IF(O9="G","G","D"),COUNTIF($N$6:$N$45,">"&N9)+1)) | AN9: =IF(OR(B9="",S9=0),"-",IF(OR(T9="G",T9="D"),IF(T9="G","G","D"),COUNTIF($S$6:$S$45,">"&S9)+1)) | AO9: =IF(OR(B9="",X9=0),"-",IF(OR(Y9="G",Y9="D"),IF(Y9="G","G","D"),COUNTIF($X$6:$X$45,">"&X9)+1)) | AP9: =IF(OR(B9="",AC9=0),"-",IF(OR(AD9="G",AD9="D"),IF(AD9="G","G","D"),COUNTIF($AC$6:$AC$45,">"&AC9)+1)) | AQ9: =IF(OR(B9="",AH9=0),"-",IF(OR(AI9="G",AI9="D"),IF(AI9="G","G","D"),COUNTIF($AH$6:$AH$45,">"&AH9)+1))
A10: 5 | I10: =IF(OR(J10="G",J10="D"),0,IF(AND(F10="",G10=""),0,MAX(0,IFERROR(F10+0,0)+IFERROR(G10+0,0)-IFERROR(H10+0,0)))) | N10: =IF(OR(O10="G",O10="D"),0,IF(AND(K10="",L10=""),0,MAX(0,IFERROR(K10+0,0)+IFERROR(L10+0,0)-IFERROR(M10+0,0)))) | S10: =IF(OR(T10="G",T10="D"),0,IF(AND(P10="",Q10=""),0,MAX(0,IFERROR(P10+0,0)+IFERROR(Q10+0,0)-IFERROR(R10+0,0)))) | X10: =IF(OR(Y10="G",Y10="D"),0,IF(AND(U10="",V10=""),0,MAX(0,IFERROR(U10+0,0)+IFERROR(V10+0,0)-IFERROR(W10+0,0)))) | AC10: =IF(OR(AD10="G",AD10="D"),0,IF(AND(Z10="",AA10=""),0,MAX(0,IFERROR(Z10+0,0)+IFERROR(AA10+0,0)-IFERROR(AB10+0,0)))) | AH10: =IF(OR(AI10="G",AI10="D"),0,IF(AND(AE10="",AF10=""),0,MAX(0,IFERROR(AE10+0,0)+IFERROR(AF10+0,0)-IFERROR(AG10+0,0)))) | AJ10: =IF(B10="","",IF(OR(J10="G",J10="D"),0,I10)+IF(OR(O10="G",O10="D"),0,N10)+IF(OR(T10="G",T10="D"),0,S10)+IF(OR(Y10="G",Y10="D"),0,X10)+IF(OR(AD10="G",AD10="D"),0,AC10)+IF(OR(AI10="G",AI10="D"),0,AH10)) | AK10: =IF(OR(B10="",AJ10=0),"-",RANK.EQ(AJ10,$AJ$6:$AJ$45,0)) | AL10: =IF(OR(B10="",I10=0),"-",IF(OR(J10="G",J10="D"),IF(J10="G","G","D"),COUNTIF($I$6:$I$45,">"&I10)+1)) | AM10: =IF(OR(B10="",N10=0),"-",IF(OR(O10="G",O10="D"),IF(O10="G","G","D"),COUNTIF($N$6:$N$45,">"&N10)+1)) | AN10: =IF(OR(B10="",S10=0),"-",IF(OR(T10="G",T10="D"),IF(T10="G","G","D"),COUNTIF($S$6:$S$45,">"&S10)+1)) | AO10: =IF(OR(B10="",X10=0),"-",IF(OR(Y10="G",Y10="D"),IF(Y10="G","G","D"),COUNTIF($X$6:$X$45,">"&X10)+1)) | AP10: =IF(OR(B10="",AC10=0),"-",IF(OR(AD10="G",AD10="D"),IF(AD10="G","G","D"),COUNTIF($AC$6:$AC$45,">"&AC10)+1)) | AQ10: =IF(OR(B10="",AH10=0),"-",IF(OR(AI10="G",AI10="D"),IF(AI10="G","G","D"),COUNTIF($AH$6:$AH$45,">"&AH10)+1))
A11: 6 | I11: =IF(OR(J11="G",J11="D"),0,IF(AND(F11="",G11=""),0,MAX(0,IFERROR(F11+0,0)+IFERROR(G11+0,0)-IFERROR(H11+0,0)))) | N11: =IF(OR(O11="G",O11="D"),0,IF(AND(K11="",L11=""),0,MAX(0,IFERROR(K11+0,0)+IFERROR(L11+0,0)-IFERROR(M11+0,0)))) | S11: =IF(OR(T11="G",T11="D"),0,IF(AND(P11="",Q11=""),0,MAX(0,IFERROR(P11+0,0)+IFERROR(Q11+0,0)-IFERROR(R11+0,0)))) | X11: =IF(OR(Y11="G",Y11="D"),0,IF(AND(U11="",V11=""),0,MAX(0,IFERROR(U11+0,0)+IFERROR(V11+0,0)-IFERROR(W11+0,0)))) | AC11: =IF(OR(AD11="G",AD11="D"),0,IF(AND(Z11="",AA11=""),0,MAX(0,IFERROR(Z11+0,0)+IFERROR(AA11+0,0)-IFERROR(AB11+0,0)))) | AH11: =IF(OR(AI11="G",AI11="D"),0,IF(AND(AE11="",AF11=""),0,MAX(0,IFERROR(AE11+0,0)+IFERROR(AF11+0,0)-IFERROR(AG11+0,0)))) | AJ11: =IF(B11="","",IF(OR(J11="G",J11="D"),0,I11)+IF(OR(O11="G",O11="D"),0,N11)+IF(OR(T11="G",T11="D"),0,S11)+IF(OR(Y11="G",Y11="D"),0,X11)+IF(OR(AD11="G",AD11="D"),0,AC11)+IF(OR(AI11="G",AI11="D"),0,AH11)) | AK11: =IF(OR(B11="",AJ11=0),"-",RANK.EQ(AJ11,$AJ$6:$AJ$45,0)) | AL11: =IF(OR(B11="",I11=0),"-",IF(OR(J11="G",J11="D"),IF(J11="G","G","D"),COUNTIF($I$6:$I$45,">"&I11)+1)) | AM11: =IF(OR(B11="",N11=0),"-",IF(OR(O11="G",O11="D"),IF(O11="G","G","D"),COUNTIF($N$6:$N$45,">"&N11)+1)) | AN11: =IF(OR(B11="",S11=0),"-",IF(OR(T11="G",T11="D"),IF(T11="G","G","D"),COUNTIF($S$6:$S$45,">"&S11)+1)) | AO11: =IF(OR(B11="",X11=0),"-",IF(OR(Y11="G",Y11="D"),IF(Y11="G","G","D"),COUNTIF($X$6:$X$45,">"&X11)+1)) | AP11: =IF(OR(B11="",AC11=0),"-",IF(OR(AD11="G",AD11="D"),IF(AD11="G","G","D"),COUNTIF($AC$6:$AC$45,">"&AC11)+1)) | AQ11: =IF(OR(B11="",AH11=0),"-",IF(OR(AI11="G",AI11="D"),IF(AI11="G","G","D"),COUNTIF($AH$6:$AH$45,">"&AH11)+1))
A12: 7 | I12: =IF(OR(J12="G",J12="D"),0,IF(AND(F12="",G12=""),0,MAX(0,IFERROR(F12+0,0)+IFERROR(G12+0,0)-IFERROR(H12+0,0)))) | N12: =IF(OR(O12="G",O12="D"),0,IF(AND(K12="",L12=""),0,MAX(0,IFERROR(K12+0,0)+IFERROR(L12+0,0)-IFERROR(M12+0,0)))) | S12: =IF(OR(T12="G",T12="D"),0,IF(AND(P12="",Q12=""),0,MAX(0,IFERROR(P12+0,0)+IFERROR(Q12+0,0)-IFERROR(R12+0,0)))) | X12: =IF(OR(Y12="G",Y12="D"),0,IF(AND(U12="",V12=""),0,MAX(0,IFERROR(U12+0,0)+IFERROR(V12+0,0)-IFERROR(W12+0,0)))) | AC12: =IF(OR(AD12="G",AD12="D"),0,IF(AND(Z12="",AA12=""),0,MAX(0,IFERROR(Z12+0,0)+IFERROR(AA12+0,0)-IFERROR(AB12+0,0)))) | AH12: =IF(OR(AI12="G",AI12="D"),0,IF(AND(AE12="",AF12=""),0,MAX(0,IFERROR(AE12+0,0)+IFERROR(AF12+0,0)-IFERROR(AG12+0,0)))) | AJ12: =IF(B12="","",IF(OR(J12="G",J12="D"),0,I12)+IF(OR(O12="G",O12="D"),0,N12)+IF(OR(T12="G",T12="D"),0,S12)+IF(OR(Y12="G",Y12="D"),0,X12)+IF(OR(AD12="G",AD12="D"),0,AC12)+IF(OR(AI12="G",AI12="D"),0,AH12)) | AK12: =IF(OR(B12="",AJ12=0),"-",RANK.EQ(AJ12,$AJ$6:$AJ$45,0)) | AL12: =IF(OR(B12="",I12=0),"-",IF(OR(J12="G",J12="D"),IF(J12="G","G","D"),COUNTIF($I$6:$I$45,">"&I12)+1)) | AM12: =IF(OR(B12="",N12=0),"-",IF(OR(O12="G",O12="D"),IF(O12="G","G","D"),COUNTIF($N$6:$N$45,">"&N12)+1)) | AN12: =IF(OR(B12="",S12=0),"-",IF(OR(T12="G",T12="D"),IF(T12="G","G","D"),COUNTIF($S$6:$S$45,">"&S12)+1)) | AO12: =IF(OR(B12="",X12=0),"-",IF(OR(Y12="G",Y12="D"),IF(Y12="G","G","D"),COUNTIF($X$6:$X$45,">"&X12)+1)) | AP12: =IF(OR(B12="",AC12=0),"-",IF(OR(AD12="G",AD12="D"),IF(AD12="G","G","D"),COUNTIF($AC$6:$AC$45,">"&AC12)+1)) | AQ12: =IF(OR(B12="",AH12=0),"-",IF(OR(AI12="G",AI12="D"),IF(AI12="G","G","D"),COUNTIF($AH$6:$AH$45,">"&AH12)+1))
A13: 8 | I13: =IF(OR(J13="G",J13="D"),0,IF(AND(F13="",G13=""),0,MAX(0,IFERROR(F13+0,0)+IFERROR(G13+0,0)-IFERROR(H13+0,0)))) | N13: =IF(OR(O13="G",O13="D"),0,IF(AND(K13="",L13=""),0,MAX(0,IFERROR(K13+0,0)+IFERROR(L13+0,0)-IFERROR(M13+0,0)))) | S13: =IF(OR(T13="G",T13="D"),0,IF(AND(P13="",Q13=""),0,MAX(0,IFERROR(P13+0,0)+IFERROR(Q13+0,0)-IFERROR(R13+0,0)))) | X13: =IF(OR(Y13="G",Y13="D"),0,IF(AND(U13="",V13=""),0,MAX(0,IFERROR(U13+0,0)+IFERROR(V13+0,0)-IFERROR(W13+0,0)))) | AC13: =IF(OR(AD13="G",AD13="D"),0,IF(AND(Z13="",AA13=""),0,MAX(0,IFERROR(Z13+0,0)+IFERROR(AA13+0,0)-IFERROR(AB13+0,0)))) | AH13: =IF(OR(AI13="G",AI13="D"),0,IF(AND(AE13="",AF13=""),0,MAX(0,IFERROR(AE13+0,0)+IFERROR(AF13+0,0)-IFERROR(AG13+0,0)))) | AJ13: =IF(B13="","",IF(OR(J13="G",J13="D"),0,I13)+IF(OR(O13="G",O13="D"),0,N13)+IF(OR(T13="G",T13="D"),0,S13)+IF(OR(Y13="G",Y13="D"),0,X13)+IF(OR(AD13="G",AD13="D"),0,AC13)+IF(OR(AI13="G",AI13="D"),0,AH13)) | AK13: =IF(OR(B13="",AJ13=0),"-",RANK.EQ(AJ13,$AJ$6:$AJ$45,0)) | AL13: =IF(OR(B13="",I13=0),"-",IF(OR(J13="G",J13="D"),IF(J13="G","G","D"),COUNTIF($I$6:$I$45,">"&I13)+1)) | AM13: =IF(OR(B13="",N13=0),"-",IF(OR(O13="G",O13="D"),IF(O13="G","G","D"),COUNTIF($N$6:$N$45,">"&N13)+1)) | AN13: =IF(OR(B13="",S13=0),"-",IF(OR(T13="G",T13="D"),IF(T13="G","G","D"),COUNTIF($S$6:$S$45,">"&S13)+1)) | AO13: =IF(OR(B13="",X13=0),"-",IF(OR(Y13="G",Y13="D"),IF(Y13="G","G","D"),COUNTIF($X$6:$X$45,">"&X13)+1)) | AP13: =IF(OR(B13="",AC13=0),"-",IF(OR(AD13="G",AD13="D"),IF(AD13="G","G","D"),COUNTIF($AC$6:$AC$45,">"&AC13)+1)) | AQ13: =IF(OR(B13="",AH13=0),"-",IF(OR(AI13="G",AI13="D"),IF(AI13="G","G","D"),COUNTIF($AH$6:$AH$45,">"&AH13)+1))
A14: 9 | I14: =IF(OR(J14="G",J14="D"),0,IF(AND(F14="",G14=""),0,MAX(0,IFERROR(F14+0,0)+IFERROR(G14+0,0)-IFERROR(H14+0,0)))) | N14: =IF(OR(O14="G",O14="D"),0,IF(AND(K14="",L14=""),0,MAX(0,IFERROR(K14+0,0)+IFERROR(L14+0,0)-IFERROR(M14+0,0)))) | S14: =IF(OR(T14="G",T14="D"),0,IF(AND(P14="",Q14=""),0,MAX(0,IFERROR(P14+0,0)+IFERROR(Q14+0,0)-IFERROR(R14+0,0)))) | X14: =IF(OR(Y14="G",Y14="D"),0,IF(AND(U14="",V14=""),0,MAX(0,IFERROR(U14+0,0)+IFERROR(V14+0,0)-IFERROR(W14+0,0)))) | AC14: =IF(OR(AD14="G",AD14="D"),0,IF(AND(Z14="",AA14=""),0,MAX(0,IFERROR(Z14+0,0)+IFERROR(AA14+0,0)-IFERROR(AB14+0,0)))) | AH14: =IF(OR(AI14="G",AI14="D"),0,IF(AND(AE14="",AF14=""),0,MAX(0,IFERROR(AE14+0,0)+IFERROR(AF14+0,0)-IFERROR(AG14+0,0)))) | AJ14: =IF(B14="","",IF(OR(J14="G",J14="D"),0,I14)+IF(OR(O14="G",O14="D"),0,N14)+IF(OR(T14="G",T14="D"),0,S14)+IF(OR(Y14="G",Y14="D"),0,X14)+IF(OR(AD14="G",AD14="D"),0,AC14)+IF(OR(AI14="G",AI14="D"),0,AH14)) | AK14: =IF(OR(B14="",AJ14=0),"-",RANK.EQ(AJ14,$AJ$6:$AJ$45,0)) | AL14: =IF(OR(B14="",I14=0),"-",IF(OR(J14="G",J14="D"),IF(J14="G","G","D"),COUNTIF($I$6:$I$45,">"&I14)+1)) | AM14: =IF(OR(B14="",N14=0),"-",IF(OR(O14="G",O14="D"),IF(O14="G","G","D"),COUNTIF($N$6:$N$45,">"&N14)+1)) | AN14: =IF(OR(B14="",S14=0),"-",IF(OR(T14="G",T14="D"),IF(T14="G","G","D"),COUNTIF($S$6:$S$45,">"&S14)+1)) | AO14: =IF(OR(B14="",X14=0),"-",IF(OR(Y14="G",Y14="D"),IF(Y14="G","G","D"),COUNTIF($X$6:$X$45,">"&X14)+1)) | AP14: =IF(OR(B14="",AC14=0),"-",IF(OR(AD14="G",AD14="D"),IF(AD14="G","G","D"),COUNTIF($AC$6:$AC$45,">"&AC14)+1)) | AQ14: =IF(OR(B14="",AH14=0),"-",IF(OR(AI14="G",AI14="D"),IF(AI14="G","G","D"),COUNTIF($AH$6:$AH$45,">"&AH14)+1))
A15: 10 | I15: =IF(OR(J15="G",J15="D"),0,IF(AND(F15="",G15=""),0,MAX(0,IFERROR(F15+0,0)+IFERROR(G15+0,0)-IFERROR(H15+0,0)))) | N15: =IF(OR(O15="G",O15="D"),0,IF(AND(K15="",L15=""),0,MAX(0,IFERROR(K15+0,0)+IFERROR(L15+0,0)-IFERROR(M15+0,0)))) | S15: =IF(OR(T15="G",T15="D"),0,IF(AND(P15="",Q15=""),0,MAX(0,IFERROR(P15+0,0)+IFERROR(Q15+0,0)-IFERROR(R15+0,0)))) | X15: =IF(OR(Y15="G",Y15="D"),0,IF(AND(U15="",V15=""),0,MAX(0,IFERROR(U15+0,0)+IFERROR(V15+0,0)-IFERROR(W15+0,0)))) | AC15: =IF(OR(AD15="G",AD15="D"),0,IF(AND(Z15="",AA15=""),0,MAX(0,IFERROR(Z15+0,0)+IFERROR(AA15+0,0)-IFERROR(AB15+0,0)))) | AH15: =IF(OR(AI15="G",AI15="D"),0,IF(AND(AE15="",AF15=""),0,MAX(0,IFERROR(AE15+0,0)+IFERROR(AF15+0,0)-IFERROR(AG15+0,0)))) | AJ15: =IF(B15="","",IF(OR(J15="G",J15="D"),0,I15)+IF(OR(O15="G",O15="D"),0,N15)+IF(OR(T15="G",T15="D"),0,S15)+IF(OR(Y15="G",Y15="D"),0,X15)+IF(OR(AD15="G",AD15="D"),0,AC15)+IF(OR(AI15="G",AI15="D"),0,AH15)) | AK15: =IF(OR(B15="",AJ15=0),"-",RANK.EQ(AJ15,$AJ$6:$AJ$45,0)) | AL15: =IF(OR(B15="",I15=0),"-",IF(OR(J15="G",J15="D"),IF(J15="G","G","D"),COUNTIF($I$6:$I$45,">"&I15)+1)) | AM15: =IF(OR(B15="",N15=0),"-",IF(OR(O15="G",O15="D"),IF(O15="G","G","D"),COUNTIF($N$6:$N$45,">"&N15)+1)) | AN15: =IF(OR(B15="",S15=0),"-",IF(OR(T15="G",T15="D"),IF(T15="G","G","D"),COUNTIF($S$6:$S$45,">"&S15)+1)) | AO15: =IF(OR(B15="",X15=0),"-",IF(OR(Y15="G",Y15="D"),IF(Y15="G","G","D"),COUNTIF($X$6:$X$45,">"&X15)+1)) | AP15: =IF(OR(B15="",AC15=0),"-",IF(OR(AD15="G",AD15="D"),IF(AD15="G","G","D"),COUNTIF($AC$6:$AC$45,">"&AC15)+1)) | AQ15: =IF(OR(B15="",AH15=0),"-",IF(OR(AI15="G",AI15="D"),IF(AI15="G","G","D"),COUNTIF($AH$6:$AH$45,">"&AH15)+1))
A16: 11 | I16: =IF(OR(J16="G",J16="D"),0,IF(AND(F16="",G16=""),0,MAX(0,IFERROR(F16+0,0)+IFERROR(G16+0,0)-IFERROR(H16+0,0)))) | N16: =IF(OR(O16="G",O16="D"),0,IF(AND(K16="",L16=""),0,MAX(0,IFERROR(K16+0,0)+IFERROR(L16+0,0)-IFERROR(M16+0,0)))) | S16: =IF(OR(T16="G",T16="D"),0,IF(AND(P16="",Q16=""),0,MAX(0,IFERROR(P16+0,0)+IFERROR(Q16+0,0)-IFERROR(R16+0,0)))) | X16: =IF(OR(Y16="G",Y16="D"),0,IF(AND(U16="",V16=""),0,MAX(0,IFERROR(U16+0,0)+IFERROR(V16+0,0)-IFERROR(W16+0,0)))) | AC16: =IF(OR(AD16="G",AD16="D"),0,IF(AND(Z16="",AA16=""),0,MAX(0,IFERROR(Z16+0,0)+IFERROR(AA16+0,0)-IFERROR(AB16+0,0)))) | AH16: =IF(OR(AI16="G",AI16="D"),0,IF(AND(AE16="",AF16=""),0,MAX(0,IFERROR(AE16+0,0)+IFERROR(AF16+0,0)-IFERROR(AG16+0,0)))) | AJ16: =IF(B16="","",IF(OR(J16="G",J16="D"),0,I16)+IF(OR(O16="G",O16="D"),0,N16)+IF(OR(T16="G",T16="D"),0,S16)+IF(OR(Y16="G",Y16="D"),0,X16)+IF(OR(AD16="G",AD16="D"),0,AC16)+IF(OR(AI16="G",AI16="D"),0,AH16)) | AK16: =IF(OR(B16="",AJ16=0),"-",RANK.EQ(AJ16,$AJ$6:$AJ$45,0)) | AL16: =IF(OR(B16="",I16=0),"-",IF(OR(J16="G",J16="D"),IF(J16="G","G","D"),COUNTIF($I$6:$I$45,">"&I16)+1)) | AM16: =IF(OR(B16="",N16=0),"-",IF(OR(O16="G",O16="D"),IF(O16="G","G","D"),COUNTIF($N$6:$N$45,">"&N16)+1)) | AN16: =IF(OR(B16="",S16=0),"-",IF(OR(T16="G",T16="D"),IF(T16="G","G","D"),COUNTIF($S$6:$S$45,">"&S16)+1)) | AO16: =IF(OR(B16="",X16=0),"-",IF(OR(Y16="G",Y16="D"),IF(Y16="G","G","D"),COUNTIF($X$6:$X$45,">"&X16)+1)) | AP16: =IF(OR(B16="",AC16=0),"-",IF(OR(AD16="G",AD16="D"),IF(AD16="G","G","D"),COUNTIF($AC$6:$AC$45,">"&AC16)+1)) | AQ16: =IF(OR(B16="",AH16=0),"-",IF(OR(AI16="G",AI16="D"),IF(AI16="G","G","D"),COUNTIF($AH$6:$AH$45,">"&AH16)+1))
A17: 12 | I17: =IF(OR(J17="G",J17="D"),0,IF(AND(F17="",G17=""),0,MAX(0,IFERROR(F17+0,0)+IFERROR(G17+0,0)-IFERROR(H17+0,0)))) | N17: =IF(OR(O17="G",O17="D"),0,IF(AND(K17="",L17=""),0,MAX(0,IFERROR(K17+0,0)+IFERROR(L17+0,0)-IFERROR(M17+0,0)))) | S17: =IF(OR(T17="G",T17="D"),0,IF(AND(P17="",Q17=""),0,MAX(0,IFERROR(P17+0,0)+IFERROR(Q17+0,0)-IFERROR(R17+0,0)))) | X17: =IF(OR(Y17="G",Y17="D"),0,IF(AND(U17="",V17=""),0,MAX(0,IFERROR(U17+0,0)+IFERROR(V17+0,0)-IFERROR(W17+0,0)))) | AC17: =IF(OR(AD17="G",AD17="D"),0,IF(AND(Z17="",AA17=""),0,MAX(0,IFERROR(Z17+0,0)+IFERROR(AA17+0,0)-IFERROR(AB17+0,0)))) | AH17: =IF(OR(AI17="G",AI17="D"),0,IF(AND(AE17="",AF17=""),0,MAX(0,IFERROR(AE17+0,0)+IFERROR(AF17+0,0)-IFERROR(AG17+0,0)))) | AJ17: =IF(B17="","",IF(OR(J17="G",J17="D"),0,I17)+IF(OR(O17="G",O17="D"),0,N17)+IF(OR(T17="G",T17="D"),0,S17)+IF(OR(Y17="G",Y17="D"),0,X17)+IF(OR(AD17="G",AD17="D"),0,AC17)+IF(OR(AI17="G",AI17="D"),0,AH17)) | AK17: =IF(OR(B17="",AJ17=0),"-",RANK.EQ(AJ17,$AJ$6:$AJ$45,0)) | AL17: =IF(OR(B17="",I17=0),"-",IF(OR(J17="G",J17="D"),IF(J17="G","G","D"),COUNTIF($I$6:$I$45,">"&I17)+1)) | AM17: =IF(OR(B17="",N17=0),"-",IF(OR(O17="G",O17="D"),IF(O17="G","G","D"),COUNTIF($N$6:$N$45,">"&N17)+1)) | AN17: =IF(OR(B17="",S17=0),"-",IF(OR(T17="G",T17="D"),IF(T17="G","G","D"),COUNTIF($S$6:$S$45,">"&S17)+1)) | AO17: =IF(OR(B17="",X17=0),"-",IF(OR(Y17="G",Y17="D"),IF(Y17="G","G","D"),COUNTIF($X$6:$X$45,">"&X17)+1)) | AP17: =IF(OR(B17="",AC17=0),"-",IF(OR(AD17="G",AD17="D"),IF(AD17="G","G","D"),COUNTIF($AC$6:$AC$45,">"&AC17)+1)) | AQ17: =IF(OR(B17="",AH17=0),"-",IF(OR(AI17="G",AI17="D"),IF(AI17="G","G","D"),COUNTIF($AH$6:$AH$45,">"&AH17)+1))
... A45: 40 | I45: =IF(OR(J45="G",J45="D"),0,IF(AND(F45="",G45=""),0,MAX(0,IFERROR(F45+0,0)+IFERROR(G45+0,0)-IFERROR(H45+0,0)))) | N45: =IF(OR(O45="G",O45="D"),0,IF(AND(K45="",L45=""),0,MAX(0,IFERROR(K45+0,0)+IFERROR(L45+0,0)-IFERROR(M45+0,0)))) | S45: =IF(OR(T45="G",T45="D"),0,IF(AND(P45="",Q45=""),0,MAX(0,IFERROR(P45+0,0)+IFERROR(Q45+0,0)-IFERROR(R45+0,0)))) | X45: =IF(OR(Y45="G",Y45="D"),0,IF(AND(U45="",V45=""),0,MAX(0,IFERROR(U45+0,0)+IFERROR(V45+0,0)-IFERROR(W45+0,0)))) | AC45: =IF(OR(AD45="G",AD45="D"),0,IF(AND(Z45="",AA45=""),0,MAX(0,IFERROR(Z45+0,0)+IFERROR(AA45+0,0)-IFERROR(AB45+0,0)))) | AH45: =IF(OR(AI45="G",AI45="D"),0,IF(AND(AE45="",AF45=""),0,MAX(0,IFERROR(AE45+0,0)+IFERROR(AF45+0,0)-IFERROR(AG45+0,0)))) | AJ45: =IF(B45="","",IF(OR(J45="G",J45="D"),0,I45)+IF(OR(O45="G",O45="D"),0,N45)+IF(OR(T45="G",T45="D"),0,S45)+IF(OR(Y45="G",Y45="D"),0,X45)+IF(OR(AD45="G",AD45="D"),0,AC45)+IF(OR(AI45="G",AI45="D"),0,AH45)) | AK45: =IF(OR(B45="",AJ45=0),"-",RANK.EQ(AJ45,$AJ$6:$AJ$45,0)) | AL45: =IF(OR(B45="",I45=0),"-",IF(OR(J45="G",J45="D"),IF(J45="G","G","D"),COUNTIF($I$6:$I$45,">"&I45)+1)) | AM45: =IF(OR(B45="",N45=0),"-",IF(OR(O45="G",O45="D"),IF(O45="G","G","D"),COUNTIF($N$6:$N$45,">"&N45)+1)) | AN45: =IF(OR(B45="",S45=0),"-",IF(OR(T45="G",T45="D"),IF(T45="G","G","D"),COUNTIF($S$6:$S$45,">"&S45)+1)) | AO45: =IF(OR(B45="",X45=0),"-",IF(OR(Y45="G",Y45="D"),IF(Y45="G","G","D"),COUNTIF($X$6:$X$45,">"&X45)+1)) | AP45: =IF(OR(B45="",AC45=0),"-",IF(OR(AD45="G",AD45="D"),IF(AD45="G","G","D"),COUNTIF($AC$6:$AC$45,">"&AC45)+1)) | AQ45: =IF(OR(B45="",AH45=0),"-",IF(OR(AI45="G",AI45="D"),IF(AI45="G","G","D"),COUNTIF($AH$6:$AH$45,">"&AH45)+1))
A47: =COUNTA(B6:B45)&" sporcu kayıtlı"

Sheet TAKIM SIRALAMASI
A1: TAKIM SIRALAMASI — TÜM KATEGORİLER
A2: Takım adını A sütununa girin. En İyi 3 değerleri otomatik çekilir. Eski Excel (2016) için formül hücrelerini Ctrl+Shift+Enter ile onaylayın.
A4: MİNİK A KIZLAR — TAKIM SIRALAMASI
A5: TAKIM ADI | B5: En İyi 3 VT | C5: En İyi 3 FX | D5: TOPLAM | E5: KESİNTİ | F5: FİNAL PUAN | G5: SIRALAMA
B6: =IFERROR(SUMPRODUCT(LARGE(IF(('MİNİK A KIZLAR'!$D$6:$D$45=A6)*('MİNİK A KIZLAR'!$E$6:$E$45="Takım"),'MİNİK A KIZLAR'!$I$6:$I$45,0),{1,2,3})),0) | C6: =IFERROR(SUMPRODUCT(LARGE(IF(('MİNİK A KIZLAR'!$D$6:$D$45=A6)*('MİNİK A KIZLAR'!$E$6:$E$45="Takım"),'MİNİK A KIZLAR'!$N$6:$N$45,0),{1,2,3})),0) | D6: =B6+C6 | E6: 0 | F6: =IF(A6="","",D6-IFERROR(E6+0,0)) | G6: =IF(A6="","-",RANK.EQ(F6,$F$6:$F$25,0))
B7: =IFERROR(SUMPRODUCT(LARGE(IF(('MİNİK A KIZLAR'!$D$6:$D$45=A7)*('MİNİK A KIZLAR'!$E$6:$E$45="Takım"),'MİNİK A KIZLAR'!$I$6:$I$45,0),{1,2,3})),0) | C7: =IFERROR(SUMPRODUCT(LARGE(IF(('MİNİK A KIZLAR'!$D$6:$D$45=A7)*('MİNİK A KIZLAR'!$E$6:$E$45="Takım"),'MİNİK A KIZLAR'!$N$6:$N$45,0),{1,2,3})),0) | D7: =B7+C7 | E7: 0 | F7: =IF(A7="","",D7-IFERROR(E7+0,0)) | G7: =IF(A7="","-",RANK.EQ(F7,$F$6:$F$25,0))
B8: =IFERROR(SUMPRODUCT(LARGE(IF(('MİNİK A KIZLAR'!$D$6:$D$45=A8)*('MİNİK A KIZLAR'!$E$6:$E$45="Takım"),'MİNİK A KIZLAR'!$I$6:$I$45,0),{1,2,3})),0) | C8: =IFERROR(SUMPRODUCT(LARGE(IF(('MİNİK A KIZLAR'!$D$6:$D$45=A8)*('MİNİK A KIZLAR'!$E$6:$E$45="Takım"),'MİNİK A KIZLAR'!$N$6:$N$45,0),{1,2,3})),0) | D8: =B8+C8 | E8: 0 | F8: =IF(A8="","",D8-IFERROR(E8+0,0)) | G8: =IF(A8="","-",RANK.EQ(F8,$F$6:$F$25,0))
B9: =IFERROR(SUMPRODUCT(LARGE(IF(('MİNİK A KIZLAR'!$D$6:$D$45=A9)*('MİNİK A KIZLAR'!$E$6:$E$45="Takım"),'MİNİK A KIZLAR'!$I$6:$I$45,0),{1,2,3})),0) | C9: =IFERROR(SUMPRODUCT(LARGE(IF(('MİNİK A KIZLAR'!$D$6:$D$45=A9)*('MİNİK A KIZLAR'!$E$6:$E$45="Takım"),'MİNİK A KIZLAR'!$N$6:$N$45,0),{1,2,3})),0) | D9: =B9+C9 | E9: 0 | F9: =IF(A9="","",D9-IFERROR(E9+0,0)) | G9: =IF(A9="","-",RANK.EQ(F9,$F$6:$F$25,0))
B10: =IFERROR(SUMPRODUCT(LARGE(IF(('MİNİK A KIZLAR'!$D$6:$D$45=A10)*('MİNİK A KIZLAR'!$E$6:$E$45="Takım"),'MİNİK A KIZLAR'!$I$6:$I$45,0),{1,2,3})),0) | C10: =IFERROR(SUMPRODUCT(LARGE(IF(('MİNİK A KIZLAR'!$D$6:$D$45=A10)*('MİNİK A KIZLAR'!$E$6:$E$45="Takım"),'MİNİK A KIZLAR'!$N$6:$N$45,0),{1,2,3})),0) | D10: =B10+C10 | E10: 0 | F10: =IF(A10="","",D10-IFERROR(E10+0,0)) | G10: =IF(A10="","-",RANK.EQ(F10,$F$6:$F$25,0))
B11: =IFERROR(SUMPRODUCT(LARGE(IF(('MİNİK A KIZLAR'!$D$6:$D$45=A11)*('MİNİK A KIZLAR'!$E$6:$E$45="Takım"),'MİNİK A KIZLAR'!$I$6:$I$45,0),{1,2,3})),0) | C11: =IFERROR(SUMPRODUCT(LARGE(IF(('MİNİK A KIZLAR'!$D$6:$D$45=A11)*('MİNİK A KIZLAR'!$E$6:$E$45="Takım"),'MİNİK A KIZLAR'!$N$6:$N$45,0),{1,2,3})),0) | D11: =B11+C11 | E11: 0 | F11: =IF(A11="","",D11-IFERROR(E11+0,0)) | G11: =IF(A11="","-",RANK.EQ(F11,$F$6:$F$25,0))
B12: =IFERROR(SUMPRODUCT(LARGE(IF(('MİNİK A KIZLAR'!$D$6:$D$45=A12)*('MİNİK A KIZLAR'!$E$6:$E$45="Takım"),'MİNİK A KIZLAR'!$I$6:$I$45,0),{1,2,3})),0) | C12: =IFERROR(SUMPRODUCT(LARGE(IF(('MİNİK A KIZLAR'!$D$6:$D$45=A12)*('MİNİK A KIZLAR'!$E$6:$E$45="Takım"),'MİNİK A KIZLAR'!$N$6:$N$45,0),{1,2,3})),0) | D12: =B12+C12 | E12: 0 | F12: =IF(A12="","",D12-IFERROR(E12+0,0)) | G12: =IF(A12="","-",RANK.EQ(F12,$F$6:$F$25,0))
B13: =IFERROR(SUMPRODUCT(LARGE(IF(('MİNİK A KIZLAR'!$D$6:$D$45=A13)*('MİNİK A KIZLAR'!$E$6:$E$45="Takım"),'MİNİK A KIZLAR'!$I$6:$I$45,0),{1,2,3})),0) | C13: =IFERROR(SUMPRODUCT(LARGE(IF(('MİNİK A KIZLAR'!$D$6:$D$45=A13)*('MİNİK A KIZLAR'!$E$6:$E$45="Takım"),'MİNİK A KIZLAR'!$N$6:$N$45,0),{1,2,3})),0) | D13: =B13+C13 | E13: 0 | F13: =IF(A13="","",D13-IFERROR(E13+0,0)) | G13: =IF(A13="","-",RANK.EQ(F13,$F$6:$F$25,0))
B14: =IFERROR(SUMPRODUCT(LARGE(IF(('MİNİK A KIZLAR'!$D$6:$D$45=A14)*('MİNİK A KIZLAR'!$E$6:$E$45="Takım"),'MİNİK A KIZLAR'!$I$6:$I$45,0),{1,2,3})),0) | C14: =IFERROR(SUMPRODUCT(LARGE(IF(('MİNİK A KIZLAR'!$D$6:$D$45=A14)*('MİNİK A KIZLAR'!$E$6:$E$45="Takım"),'MİNİK A KIZLAR'!$N$6:$N$45,0),{1,2,3})),0) | D14: =B14+C14 | E14: 0 | F14: =IF(A14="","",D14-IFERROR(E14+0,0)) | G14: =IF(A14="","-",RANK.EQ(F14,$F$6:$F$25,0))
B15: =IFERROR(SUMPRODUCT(LARGE(IF(('MİNİK A KIZLAR'!$D$6:$D$45=A15)*('MİNİK A KIZLAR'!$E$6:$E$45="Takım"),'MİNİK A KIZLAR'!$I$6:$I$45,0),{1,2,3})),0) | C15: =IFERROR(SUMPRODUCT(LARGE(IF(('MİNİK A KIZLAR'!$D$6:$D$45=A15)*('MİNİK A KIZLAR'!$E$6:$E$45="Takım"),'MİNİK A KIZLAR'!$N$6:$N$45,0),{1,2,3})),0) | D15: =B15+C15 | E15: 0 | F15: =IF(A15="","",D15-IFERROR(E15+0,0)) | G15: =IF(A15="","-",RANK.EQ(F15,$F$6:$F$25,0))
B16: =IFERROR(SUMPRODUCT(LARGE(IF(('MİNİK A KIZLAR'!$D$6:$D$45=A16)*('MİNİK A KIZLAR'!$E$6:$E$45="Takım"),'MİNİK A KIZLAR'!$I$6:$I$45,0),{1,2,3})),0) | C16: =IFERROR(SUMPRODUCT(LARGE(IF(('MİNİK A KIZLAR'!$D$6:$D$45=A16)*('MİNİK A KIZLAR'!$E$6:$E$45="Takım"),'MİNİK A KIZLAR'!$N$6:$N$45,0),{1,2,3})),0) | D16: =B16+C16 | E16: 0 | F16: =IF(A16="","",D16-IFERROR(E16+0,0)) | G16: =IF(A16="","-",RANK.EQ(F16,$F$6:$F$25,0))
B17: =IFERROR(SUMPRODUCT(LARGE(IF(('MİNİK A KIZLAR'!$D$6:$D$45=A17)*('MİNİK A KIZLAR'!$E$6:$E$45="Takım"),'MİNİK A KIZLAR'!$I$6:$I$45,0),{1,2,3})),0) | C17: =IFERROR(SUMPRODUCT(LARGE(IF(('MİNİK A KIZLAR'!$D$6:$D$45=A17)*('MİNİK A KIZLAR'!$E$6:$E$45="Takım"),'MİNİK A KIZLAR'!$N$6:$N$45,0),{1,2,3})),0) | D17: =B17+C17 | E17: 0 | F17: =IF(A17="","",D17-IFERROR(E17+0,0)) | G17: =IF(A17="","-",RANK.EQ(F17,$F$6:$F$25,0))
... B25: =IFERROR(SUMPRODUCT(LARGE(IF(('MİNİK A KIZLAR'!$D$6:$D$45=A25)*('MİNİK A KIZLAR'!$E$6:$E$45="Takım"),'MİNİK A KIZLAR'!$I$6:$I$45,0),{1,2,3})),0) | C25: =IFERROR(SUMPRODUCT(LARGE(IF(('MİNİK A KIZLAR'!$D$6:$D$45=A25)*('MİNİK A KIZLAR'!$E$6:$E$45="Takım"),'MİNİK A KIZLAR'!$N$6:$N$45,0),{1,2,3})),0) | D25: =B25+C25 | E25: 0 | F25: =IF(A25="","",D25-IFERROR(E25+0,0)) | G25: =IF(A25="","-",RANK.EQ(F25,$F$6:$F$25,0))
A28: MİNİK A ERKEKLER — TAKIM SIRALAMASI
A29: TAKIM ADI | B29: En İyi 3 FX | C29: En İyi 3 VT | D29: TOPLAM | E29: KESİNTİ | F29: FİNAL PUAN | G29: SIRALAMA
B30: =IFERROR(SUMPRODUCT(LARGE(IF(('MİNİK A ERKEKLER'!$D$6:$D$45=A30)*('MİNİK A ERKEKLER'!$E$6:$E$45="Takım"),'MİNİK A ERKEKLER'!$I$6:$I$45,0),{1,2,3})),0) | C30: =IFERROR(SUMPRODUCT(LARGE(IF(('MİNİK A ERKEKLER'!$D$6:$D$45=A30)*('MİNİK A ERKEKLER'!$E$6:$E$45="Takım"),'MİNİK A ERKEKLER'!$N$6:$N$45,0),{1,2,3})),0) | D30: =B30+C30 | E30: 0 | F30: =IF(A30="","",D30-IFERROR(E30+0,0)) | G30: =IF(A30="","-",RANK.EQ(F30,$F$30:$F$49,0))
B31: =IFERROR(SUMPRODUCT(LARGE(IF(('MİNİK A ERKEKLER'!$D$6:$D$45=A31)*('MİNİK A ERKEKLER'!$E$6:$E$45="Takım"),'MİNİK A ERKEKLER'!$I$6:$I$45,0),{1,2,3})),0) | C31: =IFERROR(SUMPRODUCT(LARGE(IF(('MİNİK A ERKEKLER'!$D$6:$D$45=A31)*('MİNİK A ERKEKLER'!$E$6:$E$45="Takım"),'MİNİK A ERKEKLER'!$N$6:$N$45,0),{1,2,3})),0) | D31: =B31+C31 | E31: 0 | F31: =IF(A31="","",D31-IFERROR(E31+0,0)) | G31: =IF(A31="","-",RANK.EQ(F31,$F$30:$F$49,0))
B32: =IFERROR(SUMPRODUCT(LARGE(IF(('MİNİK A ERKEKLER'!$D$6:$D$45=A32)*('MİNİK A ERKEKLER'!$E$6:$E$45="Takım"),'MİNİK A ERKEKLER'!$I$6:$I$45,0),{1,2,3})),0) | C32: =IFERROR(SUMPRODUCT(LARGE(IF(('MİNİK A ERKEKLER'!$D$6:$D$45=A32)*('MİNİK A ERKEKLER'!$E$6:$E$45="Takım"),'MİNİK A ERKEKLER'!$N$6:$N$45,0),{1,2,3})),0) | D32: =B32+C32 | E32: 0 | F32: =IF(A32="","",D32-IFERROR(E32+0,0)) | G32: =IF(A32="","-",RANK.EQ(F32,$F$30:$F$49,0))
B33: =IFERROR(SUMPRODUCT(LARGE(IF(('MİNİK A ERKEKLER'!$D$6:$D$45=A33)*('MİNİK A ERKEKLER'!$E$6:$E$45="Takım"),'MİNİK A ERKEKLER'!$I$6:$I$45,0),{1,2,3})),0) | C33: =IFERROR(SUMPRODUCT(LARGE(IF(('MİNİK A ERKEKLER'!$D$6:$D$45=A33)*('MİNİK A ERKEKLER'!$E$6:$E$45="Takım"),'MİNİK A ERKEKLER'!$N$6:$N$45,0),{1,2,3})),0) | D33: =B33+C33 | E33: 0 | F33: =IF(A33="","",D33-IFERROR(E33+0,0)) | G33: =IF(A33="","-",RANK.EQ(F33,$F$30:$F$49,0))
B34: =IFERROR(SUMPRODUCT(LARGE(IF(('MİNİK A ERKEKLER'!$D$6:$D$45=A34)*('MİNİK A ERKEKLER'!$E$6:$E$45="Takım"),'MİNİK A ERKEKLER'!$I$6:$I$45,0),{1,2,3})),0) | C34: =IFERROR(SUMPRODUCT(LARGE(IF(('MİNİK A ERKEKLER'!$D$6:$D$45=A34)*('MİNİK A ERKEKLER'!$E$6:$E$45="Takım"),'MİNİK A ERKEKLER'!$N$6:$N$45,0),{1,2,3})),0) | D34: =B34+C34 | E34: 0 | F34: =IF(A34="","",D34-IFERROR(E34+0,0)) | G34: =IF(A34="","-",RANK.EQ(F34,$F$30:$F$49,0))
B35: =IFERROR(SUMPRODUCT(LARGE(IF(('MİNİK A ERKEKLER'!$D$6:$D$45=A35)*('MİNİK A ERKEKLER'!$E$6:$E$45="Takım"),'MİNİK A ERKEKLER'!$I$6:$I$45,0),{1,2,3})),0) | C35: =IFERROR(SUMPRODUCT(LARGE(IF(('MİNİK A ERKEKLER'!$D$6:$D$45=A35)*('MİNİK A ERKEKLER'!$E$6:$E$45="Takım"),'MİNİK A ERKEKLER'!$N$6:$N$45,0),{1,2,3})),0) | D35: =B35+C35 | E35: 0 | F35: =IF(A35="","",D35-IFERROR(E35+0,0)) | G35: =IF(A35="","-",RANK.EQ(F35,$F$30:$F$49,0))
B36: =IFERROR(SUMPRODUCT(LARGE(IF(('MİNİK A ERKEKLER'!$D$6:$D$45=A36)*('MİNİK A ERKEKLER'!$E$6:$E$45="Takım"),'MİNİK A ERKEKLER'!$I$6:$I$45,0),{1,2,3})),0) | C36: =IFERROR(SUMPRODUCT(LARGE(IF(('MİNİK A ERKEKLER'!$D$6:$D$45=A36)*('MİNİK A ERKEKLER'!$E$6:$E$45="Takım"),'MİNİK A ERKEKLER'!$N$6:$N$45,0),{1,2,3})),0) | D36: =B36+C36 | E36: 0 | F36: =IF(A36="","",D36-IFERROR(E36+0,0)) | G36: =IF(A36="","-",RANK.EQ(F36,$F$30:$F$49,0))
B37: =IFERROR(SUMPRODUCT(LARGE(IF(('MİNİK A ERKEKLER'!$D$6:$D$45=A37)*('MİNİK A ERKEKLER'!$E$6:$E$45="Takım"),'MİNİK A ERKEKLER'!$I$6:$I$45,0),{1,2,3})),0) | C37: =IFERROR(SUMPRODUCT(LARGE(IF(('MİNİK A ERKEKLER'!$D$6:$D$45=A37)*('MİNİK A ERKEKLER'!$E$6:$E$45="Takım"),'MİNİK A ERKEKLER'!$N$6:$N$45,0),{1,2,3})),0) | D37: =B37+C37 | E37: 0 | F37: =IF(A37="","",D37-IFERROR(E37+0,0)) | G37: =IF(A37="","-",RANK.EQ(F37,$F$30:$F$49,0))
B38: =IFERROR(SUMPRODUCT(LARGE(IF(('MİNİK A ERKEKLER'!$D$6:$D$45=A38)*('MİNİK A ERKEKLER'!$E$6:$E$45="Takım"),'MİNİK A ERKEKLER'!$I$6:$I$45,0),{1,2,3})),0) | C38: =IFERROR(SUMPRODUCT(LARGE(IF(('MİNİK A ERKEKLER'!$D$6:$D$45=A38)*('MİNİK A ERKEKLER'!$E$6:$E$45="Takım"),'MİNİK A ERKEKLER'!$N$6:$N$45,0),{1,2,3})),0) | D38: =B38+C38 | E38: 0 | F38: =IF(A38="","",D38-IFERROR(E38+0,0)) | G38: =IF(A38="","-",RANK.EQ(F38,$F$30:$F$49,0))
B39: =IFERROR(SUMPRODUCT(LARGE(IF(('MİNİK A ERKEKLER'!$D$6:$D$45=A39)*('MİNİK A ERKEKLER'!$E$6:$E$45="Takım"),'MİNİK A ERKEKLER'!$I$6:$I$45,0),{1,2,3})),0) | C39: =IFERROR(SUMPRODUCT(LARGE(IF(('MİNİK A ERKEKLER'!$D$6:$D$45=A39)*('MİNİK A ERKEKLER'!$E$6:$E$45="Takım"),'MİNİK A ERKEKLER'!$N$6:$N$45,0),{1,2,3})),0) | D39: =B39+C39 | E39: 0 | F39: =IF(A39="","",D39-IFERROR(E39+0,0)) | G39: =IF(A39="","-",RANK.EQ(F39,$F$30:$F$49,0))
B40: =IFERROR(SUMPRODUCT(LARGE(IF(('MİNİK A ERKEKLER'!$D$6:$D$45=A40)*('MİNİK A ERKEKLER'!$E$6:$E$45="Takım"),'MİNİK A ERKEKLER'!$I$6:$I$45,0),{1,2,3})),0) | C40: =IFERROR(SUMPRODUCT(LARGE(IF(('MİNİK A ERKEKLER'!$D$6:$D$45=A40)*('MİNİK A ERKEKLER'!$E$6:$E$45="Takım"),'MİNİK A ERKEKLER'!$N$6:$N$45,0),{1,2,3})),0) | D40: =B40+C40 | E40: 0 | F40: =IF(A40="","",D40-IFERROR(E40+0,0)) | G40: =IF(A40="","-",RANK.EQ(F40,$F$30:$F$49,0))
B41: =IFERROR(SUMPRODUCT(LARGE(IF(('MİNİK A ERKEKLER'!$D$6:$D$45=A41)*('MİNİK A ERKEKLER'!$E$6:$E$45="Takım"),'MİNİK A ERKEKLER'!$I$6:$I$45,0),{1,2,3})),0) | C41: =IFERROR(SUMPRODUCT(LARGE(IF(('MİNİK A ERKEKLER'!$D$6:$D$45=A41)*('MİNİK A ERKEKLER'!$E$6:$E$45="Takım"),'MİNİK A ERKEKLER'!$N$6:$N$45,0),{1,2,3})),0) | D41: =B41+C41 | E41: 0 | F41: =IF(A41="","",D41-IFERROR(E41+0,0)) | G41: =IF(A41="","-",RANK.EQ(F41,$F$30:$F$49,0))
... B49: =IFERROR(SUMPRODUCT(LARGE(IF(('MİNİK A ERKEKLER'!$D$6:$D$45=A49)*('MİNİK A ERKEKLER'!$E$6:$E$45="Takım"),'MİNİK A ERKEKLER'!$I$6:$I$45,0),{1,2,3})),0) | C49: =IFERROR(SUMPRODUCT(LARGE(IF(('MİNİK A ERKEKLER'!$D$6:$D$45=A49)*('MİNİK A ERKEKLER'!$E$6:$E$45="Takım"),'MİNİK A ERKEKLER'!$N$6:$N$45,0),{1,2,3})),0) | D49: =B49+C49 | E49: 0 | F49: =IF(A49="","",D49-IFERROR(E49+0,0)) | G49: =IF(A49="","-",RANK.EQ(F49,$F$30:$F$49,0))
A52: MİNİK B KIZLAR — TAKIM SIRALAMASI
A53: TAKIM ADI | B53: En İyi 3 VT | C53: En İyi 3 FX | D53: TOPLAM | E53: KESİNTİ | F53: FİNAL PUAN | G53: SIRALAMA
B54: =IFERROR(SUMPRODUCT(LARGE(IF(('MİNİK B KIZLAR'!$D$6:$D$45=A54)*('MİNİK B KIZLAR'!$E$6:$E$45="Takım"),'MİNİK B KIZLAR'!$I$6:$I$45,0),{1,2,3})),0) | C54: =IFERROR(SUMPRODUCT(LARGE(IF(('MİNİK B KIZLAR'!$D$6:$D$45=A54)*('MİNİK B KIZLAR'!$E$6:$E$45="Takım"),'MİNİK B KIZLAR'!$N$6:$N$45,0),{1,2,3})),0) | D54: =B54+C54 | E54: 0 | F54: =IF(A54="","",D54-IFERROR(E54+0,0)) | G54: =IF(A54="","-",RANK.EQ(F54,$F$54:$F$73,0))
B55: =IFERROR(SUMPRODUCT(LARGE(IF(('MİNİK B KIZLAR'!$D$6:$D$45=A55)*('MİNİK B KIZLAR'!$E$6:$E$45="Takım"),'MİNİK B KIZLAR'!$I$6:$I$45,0),{1,2,3})),0) | C55: =IFERROR(SUMPRODUCT(LARGE(IF(('MİNİK B KIZLAR'!$D$6:$D$45=A55)*('MİNİK B KIZLAR'!$E$6:$E$45="Takım"),'MİNİK B KIZLAR'!$N$6:$N$45,0),{1,2,3})),0) | D55: =B55+C55 | E55: 0 | F55: =IF(A55="","",D55-IFERROR(E55+0,0)) | G55: =IF(A55="","-",RANK.EQ(F55,$F$54:$F$73,0))
B56: =IFERROR(SUMPRODUCT(LARGE(IF(('MİNİK B KIZLAR'!$D$6:$D$45=A56)*('MİNİK B KIZLAR'!$E$6:$E$45="Takım"),'MİNİK B KIZLAR'!$I$6:$I$45,0),{1,2,3})),0) | C56: =IFERROR(SUMPRODUCT(LARGE(IF(('MİNİK B KIZLAR'!$D$6:$D$45=A56)*('MİNİK B KIZLAR'!$E$6:$E$45="Takım"),'MİNİK B KIZLAR'!$N$6:$N$45,0),{1,2,3})),0) | D56: =B56+C56 | E56: 0 | F56: =IF(A56="","",D56-IFERROR(E56+0,0)) | G56: =IF(A56="","-",RANK.EQ(F56,$F$54:$F$73,0))
B57: =IFERROR(SUMPRODUCT(LARGE(IF(('MİNİK B KIZLAR'!$D$6:$D$45=A57)*('MİNİK B KIZLAR'!$E$6:$E$45="Takım"),'MİNİK B KIZLAR'!$I$6:$I$45,0),{1,2,3})),0) | C57: =IFERROR(SUMPRODUCT(LARGE(IF(('MİNİK B KIZLAR'!$D$6:$D$45=A57)*('MİNİK B KIZLAR'!$E$6:$E$45="Takım"),'MİNİK B KIZLAR'!$N$6:$N$45,0),{1,2,3})),0) | D57: =B57+C57 | E57: 0 | F57: =IF(A57="","",D57-IFERROR(E57+0,0)) | G57: =IF(A57="","-",RANK.EQ(F57,$F$54:$F$73,0))
B58: =IFERROR(SUMPRODUCT(LARGE(IF(('MİNİK B KIZLAR'!$D$6:$D$45=A58)*('MİNİK B KIZLAR'!$E$6:$E$45="Takım"),'MİNİK B KIZLAR'!$I$6:$I$45,0),{1,2,3})),0) | C58: =IFERROR(SUMPRODUCT(LARGE(IF(('MİNİK B KIZLAR'!$D$6:$D$45=A58)*('MİNİK B KIZLAR'!$E$6:$E$45="Takım"),'MİNİK B KIZLAR'!$N$6:$N$45,0),{1,2,3})),0) | D58: =B58+C58 | E58: 0 | F58: =IF(A58="","",D58-IFERROR(E58+0,0)) | G58: =IF(A58="","-",RANK.EQ(F58,$F$54:$F$73,0))
B59: =IFERROR(SUMPRODUCT(LARGE(IF(('MİNİK B KIZLAR'!$D$6:$D$45=A59)*('MİNİK B KIZLAR'!$E$6:$E$45="Takım"),'MİNİK B KIZLAR'!$I$6:$I$45,0),{1,2,3})),0) | C59: =IFERROR(SUMPRODUCT(LARGE(IF(('MİNİK B KIZLAR'!$D$6:$D$45=A59)*('MİNİK B KIZLAR'!$E$6:$E$45="Takım"),'MİNİK B KIZLAR'!$N$6:$N$45,0),{1,2,3})),0) | D59: =B59+C59 | E59: 0 | F59: =IF(A59="","",D59-IFERROR(E59+0,0)) | G59: =IF(A59="","-",RANK.EQ(F59,$F$54:$F$73,0))
B60: =IFERROR(SUMPRODUCT(LARGE(IF(('MİNİK B KIZLAR'!$D$6:$D$45=A60)*('MİNİK B KIZLAR'!$E$6:$E$45="Takım"),'MİNİK B KIZLAR'!$I$6:$I$45,0),{1,2,3})),0) | C60: =IFERROR(SUMPRODUCT(LARGE(IF(('MİNİK B KIZLAR'!$D$6:$D$45=A60)*('MİNİK B KIZLAR'!$E$6:$E$45="Takım"),'MİNİK B KIZLAR'!$N$6:$N$45,0),{1,2,3})),0) | D60: =B60+C60 | E60: 0 | F60: =IF(A60="","",D60-IFERROR(E60+0,0)) | G60: =IF(A60="","-",RANK.EQ(F60,$F$54:$F$73,0))
B61: =IFERROR(SUMPRODUCT(LARGE(IF(('MİNİK B KIZLAR'!$D$6:$D$45=A61)*('MİNİK B KIZLAR'!$E$6:$E$45="Takım"),'MİNİK B KIZLAR'!$I$6:$I$45,0),{1,2,3})),0) | C61: =IFERROR(SUMPRODUCT(LARGE(IF(('MİNİK B KIZLAR'!$D$6:$D$45=A61)*('MİNİK B KIZLAR'!$E$6:$E$45="Takım"),'MİNİK B KIZLAR'!$N$6:$N$45,0),{1,2,3})),0) | D61: =B61+C61 | E61: 0 | F61: =IF(A61="","",D61-IFERROR(E61+0,0)) | G61: =IF(A61="","-",RANK.EQ(F61,$F$54:$F$73,0))
B62: =IFERROR(SUMPRODUCT(LARGE(IF(('MİNİK B KIZLAR'!$D$6:$D$45=A62)*('MİNİK B KIZLAR'!$E$6:$E$45="Takım"),'MİNİK B KIZLAR'!$I$6:$I$45,0),{1,2,3})),0) | C62: =IFERROR(SUMPRODUCT(LARGE(IF(('MİNİK B KIZLAR'!$D$6:$D$45=A62)*('MİNİK B KIZLAR'!$E$6:$E$45="Takım"),'MİNİK B KIZLAR'!$N$6:$N$45,0),{1,2,3})),0) | D62: =B62+C62 | E62: 0 | F62: =IF(A62="","",D62-IFERROR(E62+0,0)) | G62: =IF(A62="","-",RANK.EQ(F62,$F$54:$F$73,0))
B63: =IFERROR(SUMPRODUCT(LARGE(IF(('MİNİK B KIZLAR'!$D$6:$D$45=A63)*('MİNİK B KIZLAR'!$E$6:$E$45="Takım"),'MİNİK B KIZLAR'!$I$6:$I$45,0),{1,2,3})),0) | C63: =IFERROR(SUMPRODUCT(LARGE(IF(('MİNİK B KIZLAR'!$D$6:$D$45=A63)*('MİNİK B KIZLAR'!$E$6:$E$45="Takım"),'MİNİK B KIZLAR'!$N$6:$N$45,0),{1,2,3})),0) | D63: =B63+C63 | E63: 0 | F63: =IF(A63="","",D63-IFERROR(E63+0,0)) | G63: =IF(A63="","-",RANK.EQ(F63,$F$54:$F$73,0))
B64: =IFERROR(SUMPRODUCT(LARGE(IF(('MİNİK B KIZLAR'!$D$6:$D$45=A64)*('MİNİK B KIZLAR'!$E$6:$E$45="Takım"),'MİNİK B KIZLAR'!$I$6:$I$45,0),{1,2,3})),0) | C64: =IFERROR(SUMPRODUCT(LARGE(IF(('MİNİK B KIZLAR'!$D$6:$D$45=A64)*('MİNİK B KIZLAR'!$E$6:$E$45="Takım"),'MİNİK B KIZLAR'!$N$6:$N$45,0),{1,2,3})),0) | D64: =B64+C64 | E64: 0 | F64: =IF(A64="","",D64-IFERROR(E64+0,0)) | G64: =IF(A64="","-",RANK.EQ(F64,$F$54:$F$73,0))
B65: =IFERROR(SUMPRODUCT(LARGE(IF(('MİNİK B KIZLAR'!$D$6:$D$45=A65)*('MİNİK B KIZLAR'!$E$6:$E$45="Takım"),'MİNİK B KIZLAR'!$I$6:$I$45,0),{1,2,3})),0) | C65: =IFERROR(SUMPRODUCT(LARGE(IF(('MİNİK B KIZLAR'!$D$6:$D$45=A65)*('MİNİK B KIZLAR'!$E$6:$E$45="Takım"),'MİNİK B KIZLAR'!$N$6:$N$45,0),{1,2,3})),0) | D65: =B65+C65 | E65: 0 | F65: =IF(A65="","",D65-IFERROR(E65+0,0)) | G65: =IF(A65="","-",RANK.EQ(F65,$F$54:$F$73,0))
... B73: =IFERROR(SUMPRODUCT(LARGE(IF(('MİNİK B KIZLAR'!$D$6:$D$45=A73)*('MİNİK B KIZLAR'!$E$6:$E$45="Takım"),'MİNİK B KIZLAR'!$I$6:$I$45,0),{1,2,3})),0) | C73: =IFERROR(SUMPRODUCT(LARGE(IF(('MİNİK B KIZLAR'!$D$6:$D$45=A73)*('MİNİK B KIZLAR'!$E$6:$E$45="Takım"),'MİNİK B KIZLAR'!$N$6:$N$45,0),{1,2,3})),0) | D73: =B73+C73 | E73: 0 | F73: =IF(A73="","",D73-IFERROR(E73+0,0)) | G73: =IF(A73="","-",RANK.EQ(F73,$F$54:$F$73,0))
A76: MİNİK B ERKEKLER — TAKIM SIRALAMASI
A77: TAKIM ADI | B77: En İyi 3 FX | C77: En İyi 3 VT | D77: TOPLAM | E77: KESİNTİ | F77: FİNAL PUAN | G77: SIRALAMA
B78: =IFERROR(SUMPRODUCT(LARGE(IF(('MİNİK B ERKEKLER'!$D$6:$D$45=A78)*('MİNİK B ERKEKLER'!$E$6:$E$45="Takım"),'MİNİK B ERKEKLER'!$I$6:$I$45,0),{1,2,3})),0) | C78: =IFERROR(SUMPRODUCT(LARGE(IF(('MİNİK B ERKEKLER'!$D$6:$D$45=A78)*('MİNİK B ERKEKLER'!$E$6:$E$45="Takım"),'MİNİK B ERKEKLER'!$N$6:$N$45,0),{1,2,3})),0) | D78: =B78+C78 | E78: 0 | F78: =IF(A78="","",D78-IFERROR(E78+0,0)) | G78: =IF(A78="","-",RANK.EQ(F78,$F$78:$F$97,0))
B79: =IFERROR(SUMPRODUCT(LARGE(IF(('MİNİK B ERKEKLER'!$D$6:$D$45=A79)*('MİNİK B ERKEKLER'!$E$6:$E$45="Takım"),'MİNİK B ERKEKLER'!$I$6:$I$45,0),{1,2,3})),0) | C79: =IFERROR(SUMPRODUCT(LARGE(IF(('MİNİK B ERKEKLER'!$D$6:$D$45=A79)*('MİNİK B ERKEKLER'!$E$6:$E$45="Takım"),'MİNİK B ERKEKLER'!$N$6:$N$45,0),{1,2,3})),0) | D79: =B79+C79 | E79: 0 | F79: =IF(A79="","",D79-IFERROR(E79+0,0)) | G79: =IF(A79="","-",RANK.EQ(F79,$F$78:$F$97,0))
B80: =IFERROR(SUMPRODUCT(LARGE(IF(('MİNİK B ERKEKLER'!$D$6:$D$45=A80)*('MİNİK B ERKEKLER'!$E$6:$E$45="Takım"),'MİNİK B ERKEKLER'!$I$6:$I$45,0),{1,2,3})),0) | C80: =IFERROR(SUMPRODUCT(LARGE(IF(('MİNİK B ERKEKLER'!$D$6:$D$45=A80)*('MİNİK B ERKEKLER'!$E$6:$E$45="Takım"),'MİNİK B ERKEKLER'!$N$6:$N$45,0),{1,2,3})),0) | D80: =B80+C80 | E80: 0 | F80: =IF(A80="","",D80-IFERROR(E80+0,0)) | G80: =IF(A80="","-",RANK.EQ(F80,$F$78:$F$97,0))
B81: =IFERROR(SUMPRODUCT(LARGE(IF(('MİNİK B ERKEKLER'!$D$6:$D$45=A81)*('MİNİK B ERKEKLER'!$E$6:$E$45="Takım"),'MİNİK B ERKEKLER'!$I$6:$I$45,0),{1,2,3})),0) | C81: =IFERROR(SUMPRODUCT(LARGE(IF(('MİNİK B ERKEKLER'!$D$6:$D$45=A81)*('MİNİK B ERKEKLER'!$E$6:$E$45="Takım"),'MİNİK B ERKEKLER'!$N$6:$N$45,0),{1,2,3})),0) | D81: =B81+C81 | E81: 0 | F81: =IF(A81="","",D81-IFERROR(E81+0,0)) | G81: =IF(A81="","-",RANK.EQ(F81,$F$78:$F$97,0))
B82: =IFERROR(SUMPRODUCT(LARGE(IF(('MİNİK B ERKEKLER'!$D$6:$D$45=A82)*('MİNİK B ERKEKLER'!$E$6:$E$45="Takım"),'MİNİK B ERKEKLER'!$I$6:$I$45,0),{1,2,3})),0) | C82: =IFERROR(SUMPRODUCT(LARGE(IF(('MİNİK B ERKEKLER'!$D$6:$D$45=A82)*('MİNİK B ERKEKLER'!$E$6:$E$45="Takım"),'MİNİK B ERKEKLER'!$N$6:$N$45,0),{1,2,3})),0) | D82: =B82+C82 | E82: 0 | F82: =IF(A82="","",D82-IFERROR(E82+0,0)) | G82: =IF(A82="","-",RANK.EQ(F82,$F$78:$F$97,0))
B83: =IFERROR(SUMPRODUCT(LARGE(IF(('MİNİK B ERKEKLER'!$D$6:$D$45=A83)*('MİNİK B ERKEKLER'!$E$6:$E$45="Takım"),'MİNİK B ERKEKLER'!$I$6:$I$45,0),{1,2,3})),0) | C83: =IFERROR(SUMPRODUCT(LARGE(IF(('MİNİK B ERKEKLER'!$D$6:$D$45=A83)*('MİNİK B ERKEKLER'!$E$6:$E$45="Takım"),'MİNİK B ERKEKLER'!$N$6:$N$45,0),{1,2,3})),0) | D83: =B83+C83 | E83: 0 | F83: =IF(A83="","",D83-IFERROR(E83+0,0)) | G83: =IF(A83="","-",RANK.EQ(F83,$F$78:$F$97,0))
B84: =IFERROR(SUMPRODUCT(LARGE(IF(('MİNİK B ERKEKLER'!$D$6:$D$45=A84)*('MİNİK B ERKEKLER'!$E$6:$E$45="Takım"),'MİNİK B ERKEKLER'!$I$6:$I$45,0),{1,2,3})),0) | C84: =IFERROR(SUMPRODUCT(LARGE(IF(('MİNİK B ERKEKLER'!$D$6:$D$45=A84)*('MİNİK B ERKEKLER'!$E$6:$E$45="Takım"),'MİNİK B ERKEKLER'!$N$6:$N$45,0),{1,2,3})),0) | D84: =B84+C84 | E84: 0 | F84: =IF(A84="","",D84-IFERROR(E84+0,0)) | G84: =IF(A84="","-",RANK.EQ(F84,$F$78:$F$97,0))
B85: =IFERROR(SUMPRODUCT(LARGE(IF(('MİNİK B ERKEKLER'!$D$6:$D$45=A85)*('MİNİK B ERKEKLER'!$E$6:$E$45="Takım"),'MİNİK B ERKEKLER'!$I$6:$I$45,0),{1,2,3})),0) | C85: =IFERROR(SUMPRODUCT(LARGE(IF(('MİNİK B ERKEKLER'!$D$6:$D$45=A85)*('MİNİK B ERKEKLER'!$E$6:$E$45="Takım"),'MİNİK B ERKEKLER'!$N$6:$N$45,0),{1,2,3})),0) | D85: =B85+C85 | E85: 0 | F85: =IF(A85="","",D85-IFERROR(E85+0,0)) | G85: =IF(A85="","-",RANK.EQ(F85,$F$78:$F$97,0))
B86: =IFERROR(SUMPRODUCT(LARGE(IF(('MİNİK B ERKEKLER'!$D$6:$D$45=A86)*('MİNİK B ERKEKLER'!$E$6:$E$45="Takım"),'MİNİK B ERKEKLER'!$I$6:$I$45,0),{1,2,3})),0) | C86: =IFERROR(SUMPRODUCT(LARGE(IF(('MİNİK B ERKEKLER'!$D$6:$D$45=A86)*('MİNİK B ERKEKLER'!$E$6:$E$45="Takım"),'MİNİK B ERKEKLER'!$N$6:$N$45,0),{1,2,3})),0) | D86: =B86+C86 | E86: 0 | F86: =IF(A86="","",D86-IFERROR(E86+0,0)) | G86: =IF(A86="","-",RANK.EQ(F86,$F$78:$F$97,0))
B87: =IFERROR(SUMPRODUCT(LARGE(IF(('MİNİK B ERKEKLER'!$D$6:$D$45=A87)*('MİNİK B ERKEKLER'!$E$6:$E$45="Takım"),'MİNİK B ERKEKLER'!$I$6:$I$45,0),{1,2,3})),0) | C87: =IFERROR(SUMPRODUCT(LARGE(IF(('MİNİK B ERKEKLER'!$D$6:$D$45=A87)*('MİNİK B ERKEKLER'!$E$6:$E$45="Takım"),'MİNİK B ERKEKLER'!$N$6:$N$45,0),{1,2,3})),0) | D87: =B87+C87 | E87: 0 | F87: =IF(A87="","",D87-IFERROR(E87+0,0)) | G87: =IF(A87="","-",RANK.EQ(F87,$F$78:$F$97,0))
B88: =IFERROR(SUMPRODUCT(LARGE(IF(('MİNİK B ERKEKLER'!$D$6:$D$45=A88)*('MİNİK B ERKEKLER'!$E$6:$E$45="Takım"),'MİNİK B ERKEKLER'!$I$6:$I$45,0),{1,2,3})),0) | C88: =IFERROR(SUMPRODUCT(LARGE(IF(('MİNİK B ERKEKLER'!$D$6:$D$45=A88)*('MİNİK B ERKEKLER'!$E$6:$E$45="Takım"),'MİNİK B ERKEKLER'!$N$6:$N$45,0),{1,2,3})),0) | D88: =B88+C88 | E88: 0 | F88: =IF(A88="","",D88-IFERROR(E88+0,0)) | G88: =IF(A88="","-",RANK.EQ(F88,$F$78:$F$97,0))
B89: =IFERROR(SUMPRODUCT(LARGE(IF(('MİNİK B ERKEKLER'!$D$6:$D$45=A89)*('MİNİK B ERKEKLER'!$E$6:$E$45="Takım"),'MİNİK B ERKEKLER'!$I$6:$I$45,0),{1,2,3})),0) | C89: =IFERROR(SUMPRODUCT(LARGE(IF(('MİNİK B ERKEKLER'!$D$6:$D$45=A89)*('MİNİK B ERKEKLER'!$E$6:$E$45="Takım"),'MİNİK B ERKEKLER'!$N$6:$N$45,0),{1,2,3})),0) | D89: =B89+C89 | E89: 0 | F89: =IF(A89="","",D89-IFERROR(E89+0,0)) | G89: =IF(A89="","-",RANK.EQ(F89,$F$78:$F$97,0))
... B97: =IFERROR(SUMPRODUCT(LARGE(IF(('MİNİK B ERKEKLER'!$D$6:$D$45=A97)*('MİNİK B ERKEKLER'!$E$6:$E$45="Takım"),'MİNİK B ERKEKLER'!$I$6:$I$45,0),{1,2,3})),0) | C97: =IFERROR(SUMPRODUCT(LARGE(IF(('MİNİK B ERKEKLER'!$D$6:$D$45=A97)*('MİNİK B ERKEKLER'!$E$6:$E$45="Takım"),'MİNİK B ERKEKLER'!$N$6:$N$45,0),{1,2,3})),0) | D97: =B97+C97 | E97: 0 | F97: =IF(A97="","",D97-IFERROR(E97+0,0)) | G97: =IF(A97="","-",RANK.EQ(F97,$F$78:$F$97,0))
A100: KÜÇÜK KIZLAR — TAKIM SIRALAMASI
A101: TAKIM ADI | B101: En İyi 3 VT | C101: En İyi 3 UB | D101: En İyi 3 BB | E101: En İyi 3 FX | F101: TOPLAM | G101: KESİNTİ | H101: FİNAL PUAN | I101: SIRALAMA
B102: =IFERROR(SUMPRODUCT(LARGE(IF(('KÜÇÜK KIZLAR'!$D$6:$D$45=A102)*('KÜÇÜK KIZLAR'!$E$6:$E$45="Takım"),'KÜÇÜK KIZLAR'!$I$6:$I$45,0),{1,2,3})),0) | C102: =IFERROR(SUMPRODUCT(LARGE(IF(('KÜÇÜK KIZLAR'!$D$6:$D$45=A102)*('KÜÇÜK KIZLAR'!$E$6:$E$45="Takım"),'KÜÇÜK KIZLAR'!$N$6:$N$45,0),{1,2,3})),0) | D102: =IFERROR(SUMPRODUCT(LARGE(IF(('KÜÇÜK KIZLAR'!$D$6:$D$45=A102)*('KÜÇÜK KIZLAR'!$E$6:$E$45="Takım"),'KÜÇÜK KIZLAR'!$S$6:$S$45,0),{1,2,3})),0) | E102: =IFERROR(SUMPRODUCT(LARGE(IF(('KÜÇÜK KIZLAR'!$D$6:$D$45=A102)*('KÜÇÜK KIZLAR'!$E$6:$E$45="Takım"),'KÜÇÜK KIZLAR'!$X$6:$X$45,0),{1,2,3})),0) | F102: =B102+C102+D102+E102 | G102: 0 | H102: =IF(A102="","",F102-IFERROR(G102+0,0)) | I102: =IF(A102="","-",RANK.EQ(H102,$H$102:$H$121,0))
B103: =IFERROR(SUMPRODUCT(LARGE(IF(('KÜÇÜK KIZLAR'!$D$6:$D$45=A103)*('KÜÇÜK KIZLAR'!$E$6:$E$45="Takım"),'KÜÇÜK KIZLAR'!$I$6:$I$45,0),{1,2,3})),0) | C103: =IFERROR(SUMPRODUCT(LARGE(IF(('KÜÇÜK KIZLAR'!$D$6:$D$45=A103)*('KÜÇÜK KIZLAR'!$E$6:$E$45="Takım"),'KÜÇÜK KIZLAR'!$N$6:$N$45,0),{1,2,3})),0) | D103: =IFERROR(SUMPRODUCT(LARGE(IF(('KÜÇÜK KIZLAR'!$D$6:$D$45=A103)*('KÜÇÜK KIZLAR'!$E$6:$E$45="Takım"),'KÜÇÜK KIZLAR'!$S$6:$S$45,0),{1,2,3})),0) | E103: =IFERROR(SUMPRODUCT(LARGE(IF(('KÜÇÜK KIZLAR'!$D$6:$D$45=A103)*('KÜÇÜK KIZLAR'!$E$6:$E$45="Takım"),'KÜÇÜK KIZLAR'!$X$6:$X$45,0),{1,2,3})),0) | F103: =B103+C103+D103+E103 | G103: 0 | H103: =IF(A103="","",F103-IFERROR(G103+0,0)) | I103: =IF(A103="","-",RANK.EQ(H103,$H$102:$H$121,0))
B104: =IFERROR(SUMPRODUCT(LARGE(IF(('KÜÇÜK KIZLAR'!$D$6:$D$45=A104)*('KÜÇÜK KIZLAR'!$E$6:$E$45="Takım"),'KÜÇÜK KIZLAR'!$I$6:$I$45,0),{1,2,3})),0) | C104: =IFERROR(SUMPRODUCT(LARGE(IF(('KÜÇÜK KIZLAR'!$D$6:$D$45=A104)*('KÜÇÜK KIZLAR'!$E$6:$E$45="Takım"),'KÜÇÜK KIZLAR'!$N$6:$N$45,0),{1,2,3})),0) | D104: =IFERROR(SUMPRODUCT(LARGE(IF(('KÜÇÜK KIZLAR'!$D$6:$D$45=A104)*('KÜÇÜK KIZLAR'!$E$6:$E$45="Takım"),'KÜÇÜK KIZLAR'!$S$6:$S$45,0),{1,2,3})),0) | E104: =IFERROR(SUMPRODUCT(LARGE(IF(('KÜÇÜK KIZLAR'!$D$6:$D$45=A104)*('KÜÇÜK KIZLAR'!$E$6:$E$45="Takım"),'KÜÇÜK KIZLAR'!$X$6:$X$45,0),{1,2,3})),0) | F104: =B104+C104+D104+E104 | G104: 0 | H104: =IF(A104="","",F104-IFERROR(G104+0,0)) | I104: =IF(A104="","-",RANK.EQ(H104,$H$102:$H$121,0))
B105: =IFERROR(SUMPRODUCT(LARGE(IF(('KÜÇÜK KIZLAR'!$D$6:$D$45=A105)*('KÜÇÜK KIZLAR'!$E$6:$E$45="Takım"),'KÜÇÜK KIZLAR'!$I$6:$I$45,0),{1,2,3})),0) | C105: =IFERROR(SUMPRODUCT(LARGE(IF(('KÜÇÜK KIZLAR'!$D$6:$D$45=A105)*('KÜÇÜK KIZLAR'!$E$6:$E$45="Takım"),'KÜÇÜK KIZLAR'!$N$6:$N$45,0),{1,2,3})),0) | D105: =IFERROR(SUMPRODUCT(LARGE(IF(('KÜÇÜK KIZLAR'!$D$6:$D$45=A105)*('KÜÇÜK KIZLAR'!$E$6:$E$45="Takım"),'KÜÇÜK KIZLAR'!$S$6:$S$45,0),{1,2,3})),0) | E105: =IFERROR(SUMPRODUCT(LARGE(IF(('KÜÇÜK KIZLAR'!$D$6:$D$45=A105)*('KÜÇÜK KIZLAR'!$E$6:$E$45="Takım"),'KÜÇÜK KIZLAR'!$X$6:$X$45,0),{1,2,3})),0) | F105: =B105+C105+D105+E105 | G105: 0 | H105: =IF(A105="","",F105-IFERROR(G105+0,0)) | I105: =IF(A105="","-",RANK.EQ(H105,$H$102:$H$121,0))
B106: =IFERROR(SUMPRODUCT(LARGE(IF(('KÜÇÜK KIZLAR'!$D$6:$D$45=A106)*('KÜÇÜK KIZLAR'!$E$6:$E$45="Takım"),'KÜÇÜK KIZLAR'!$I$6:$I$45,0),{1,2,3})),0) | C106: =IFERROR(SUMPRODUCT(LARGE(IF(('KÜÇÜK KIZLAR'!$D$6:$D$45=A106)*('KÜÇÜK KIZLAR'!$E$6:$E$45="Takım"),'KÜÇÜK KIZLAR'!$N$6:$N$45,0),{1,2,3})),0) | D106: =IFERROR(SUMPRODUCT(LARGE(IF(('KÜÇÜK KIZLAR'!$D$6:$D$45=A106)*('KÜÇÜK KIZLAR'!$E$6:$E$45="Takım"),'KÜÇÜK KIZLAR'!$S$6:$S$45,0),{1,2,3})),0) | E106: =IFERROR(SUMPRODUCT(LARGE(IF(('KÜÇÜK KIZLAR'!$D$6:$D$45=A106)*('KÜÇÜK KIZLAR'!$E$6:$E$45="Takım"),'KÜÇÜK KIZLAR'!$X$6:$X$45,0),{1,2,3})),0) | F106: =B106+C106+D106+E106 | G106: 0 | H106: =IF(A106="","",F106-IFERROR(G106+0,0)) | I106: =IF(A106="","-",RANK.EQ(H106,$H$102:$H$121,0))
B107: =IFERROR(SUMPRODUCT(LARGE(IF(('KÜÇÜK KIZLAR'!$D$6:$D$45=A107)*('KÜÇÜK KIZLAR'!$E$6:$E$45="Takım"),'KÜÇÜK KIZLAR'!$I$6:$I$45,0),{1,2,3})),0) | C107: =IFERROR(SUMPRODUCT(LARGE(IF(('KÜÇÜK KIZLAR'!$D$6:$D$45=A107)*('KÜÇÜK KIZLAR'!$E$6:$E$45="Takım"),'KÜÇÜK KIZLAR'!$N$6:$N$45,0),{1,2,3})),0) | D107: =IFERROR(SUMPRODUCT(LARGE(IF(('KÜÇÜK KIZLAR'!$D$6:$D$45=A107)*('KÜÇÜK KIZLAR'!$E$6:$E$45="Takım"),'KÜÇÜK KIZLAR'!$S$6:$S$45,0),{1,2,3})),0) | E107: =IFERROR(SUMPRODUCT(LARGE(IF(('KÜÇÜK KIZLAR'!$D$6:$D$45=A107)*('KÜÇÜK KIZLAR'!$E$6:$E$45="Takım"),'KÜÇÜK KIZLAR'!$X$6:$X$45,0),{1,2,3})),0) | F107: =B107+C107+D107+E107 | G107: 0 | H107: =IF(A107="","",F107-IFERROR(G107+0,0)) | I107: =IF(A107="","-",RANK.EQ(H107,$H$102:$H$121,0))
B108: =IFERROR(SUMPRODUCT(LARGE(IF(('KÜÇÜK KIZLAR'!$D$6:$D$45=A108)*('KÜÇÜK KIZLAR'!$E$6:$E$45="Takım"),'KÜÇÜK KIZLAR'!$I$6:$I$45,0),{1,2,3})),0) | C108: =IFERROR(SUMPRODUCT(LARGE(IF(('KÜÇÜK KIZLAR'!$D$6:$D$45=A108)*('KÜÇÜK KIZLAR'!$E$6:$E$45="Takım"),'KÜÇÜK KIZLAR'!$N$6:$N$45,0),{1,2,3})),0) | D108: =IFERROR(SUMPRODUCT(LARGE(IF(('KÜÇÜK KIZLAR'!$D$6:$D$45=A108)*('KÜÇÜK KIZLAR'!$E$6:$E$45="Takım"),'KÜÇÜK KIZLAR'!$S$6:$S$45,0),{1,2,3})),0) | E108: =IFERROR(SUMPRODUCT(LARGE(IF(('KÜÇÜK KIZLAR'!$D$6:$D$45=A108)*('KÜÇÜK KIZLAR'!$E$6:$E$45="Takım"),'KÜÇÜK KIZLAR'!$X$6:$X$45,0),{1,2,3})),0) | F108: =B108+C108+D108+E108 | G108: 0 | H108: =IF(A108="","",F108-IFERROR(G108+0,0)) | I108: =IF(A108="","-",RANK.EQ(H108,$H$102:$H$121,0))
B109: =IFERROR(SUMPRODUCT(LARGE(IF(('KÜÇÜK KIZLAR'!$D$6:$D$45=A109)*('KÜÇÜK KIZLAR'!$E$6:$E$45="Takım"),'KÜÇÜK KIZLAR'!$I$6:$I$45,0),{1,2,3})),0) | C109: =IFERROR(SUMPRODUCT(LARGE(IF(('KÜÇÜK KIZLAR'!$D$6:$D$45=A109)*('KÜÇÜK KIZLAR'!$E$6:$E$45="Takım"),'KÜÇÜK KIZLAR'!$N$6:$N$45,0),{1,2,3})),0) | D109: =IFERROR(SUMPRODUCT(LARGE(IF(('KÜÇÜK KIZLAR'!$D$6:$D$45=A109)*('KÜÇÜK KIZLAR'!$E$6:$E$45="Takım"),'KÜÇÜK KIZLAR'!$S$6:$S$45,0),{1,2,3})),0) | E109: =IFERROR(SUMPRODUCT(LARGE(IF(('KÜÇÜK KIZLAR'!$D$6:$D$45=A109)*('KÜÇÜK KIZLAR'!$E$6:$E$45="Takım"),'KÜÇÜK KIZLAR'!$X$6:$X$45,0),{1,2,3})),0) | F109: =B109+C109+D109+E109 | G109: 0 | H109: =IF(A109="","",F109-IFERROR(G109+0,0)) | I109: =IF(A109="","-",RANK.EQ(H109,$H$102:$H$121,0))
B110: =IFERROR(SUMPRODUCT(LARGE(IF(('KÜÇÜK KIZLAR'!$D$6:$D$45=A110)*('KÜÇÜK KIZLAR'!$E$6:$E$45="Takım"),'KÜÇÜK KIZLAR'!$I$6:$I$45,0),{1,2,3})),0) | C110: =IFERROR(SUMPRODUCT(LARGE(IF(('KÜÇÜK KIZLAR'!$D$6:$D$45=A110)*('KÜÇÜK KIZLAR'!$E$6:$E$45="Takım"),'KÜÇÜK KIZLAR'!$N$6:$N$45,0),{1,2,3})),0) | D110: =IFERROR(SUMPRODUCT(LARGE(IF(('KÜÇÜK KIZLAR'!$D$6:$D$45=A110)*('KÜÇÜK KIZLAR'!$E$6:$E$45="Takım"),'KÜÇÜK KIZLAR'!$S$6:$S$45,0),{1,2,3})),0) | E110: =IFERROR(SUMPRODUCT(LARGE(IF(('KÜÇÜK KIZLAR'!$D$6:$D$45=A110)*('KÜÇÜK KIZLAR'!$E$6:$E$45="Takım"),'KÜÇÜK KIZLAR'!$X$6:$X$45,0),{1,2,3})),0) | F110: =B110+C110+D110+E110 | G110: 0 | H110: =IF(A110="","",F110-IFERROR(G110+0,0)) | I110: =IF(A110="","-",RANK.EQ(H110,$H$102:$H$121,0))
B111: =IFERROR(SUMPRODUCT(LARGE(IF(('KÜÇÜK KIZLAR'!$D$6:$D$45=A111)*('KÜÇÜK KIZLAR'!$E$6:$E$45="Takım"),'KÜÇÜK KIZLAR'!$I$6:$I$45,0),{1,2,3})),0) | C111: =IFERROR(SUMPRODUCT(LARGE(IF(('KÜÇÜK KIZLAR'!$D$6:$D$45=A111)*('KÜÇÜK KIZLAR'!$E$6:$E$45="Takım"),'KÜÇÜK KIZLAR'!$N$6:$N$45,0),{1,2,3})),0) | D111: =IFERROR(SUMPRODUCT(LARGE(IF(('KÜÇÜK KIZLAR'!$D$6:$D$45=A111)*('KÜÇÜK KIZLAR'!$E$6:$E$45="Takım"),'KÜÇÜK KIZLAR'!$S$6:$S$45,0),{1,2,3})),0) | E111: =IFERROR(SUMPRODUCT(LARGE(IF(('KÜÇÜK KIZLAR'!$D$6:$D$45=A111)*('KÜÇÜK KIZLAR'!$E$6:$E$45="Takım"),'KÜÇÜK KIZLAR'!$X$6:$X$45,0),{1,2,3})),0) | F111: =B111+C111+D111+E111 | G111: 0 | H111: =IF(A111="","",F111-IFERROR(G111+0,0)) | I111: =IF(A111="","-",RANK.EQ(H111,$H$102:$H$121,0))
B112: =IFERROR(SUMPRODUCT(LARGE(IF(('KÜÇÜK KIZLAR'!$D$6:$D$45=A112)*('KÜÇÜK KIZLAR'!$E$6:$E$45="Takım"),'KÜÇÜK KIZLAR'!$I$6:$I$45,0),{1,2,3})),0) | C112: =IFERROR(SUMPRODUCT(LARGE(IF(('KÜÇÜK KIZLAR'!$D$6:$D$45=A112)*('KÜÇÜK KIZLAR'!$E$6:$E$45="Takım"),'KÜÇÜK KIZLAR'!$N$6:$N$45,0),{1,2,3})),0) | D112: =IFERROR(SUMPRODUCT(LARGE(IF(('KÜÇÜK KIZLAR'!$D$6:$D$45=A112)*('KÜÇÜK KIZLAR'!$E$6:$E$45="Takım"),'KÜÇÜK KIZLAR'!$S$6:$S$45,0),{1,2,3})),0) | E112: =IFERROR(SUMPRODUCT(LARGE(IF(('KÜÇÜK KIZLAR'!$D$6:$D$45=A112)*('KÜÇÜK KIZLAR'!$E$6:$E$45="Takım"),'KÜÇÜK KIZLAR'!$X$6:$X$45,0),{1,2,3})),0) | F112: =B112+C112+D112+E112 | G112: 0 | H112: =IF(A112="","",F112-IFERROR(G112+0,0)) | I112: =IF(A112="","-",RANK.EQ(H112,$H$102:$H$121,0))
B113: =IFERROR(SUMPRODUCT(LARGE(IF(('KÜÇÜK KIZLAR'!$D$6:$D$45=A113)*('KÜÇÜK KIZLAR'!$E$6:$E$45="Takım"),'KÜÇÜK KIZLAR'!$I$6:$I$45,0),{1,2,3})),0) | C113: =IFERROR(SUMPRODUCT(LARGE(IF(('KÜÇÜK KIZLAR'!$D$6:$D$45=A113)*('KÜÇÜK KIZLAR'!$E$6:$E$45="Takım"),'KÜÇÜK KIZLAR'!$N$6:$N$45,0),{1,2,3})),0) | D113: =IFERROR(SUMPRODUCT(LARGE(IF(('KÜÇÜK KIZLAR'!$D$6:$D$45=A113)*('KÜÇÜK KIZLAR'!$E$6:$E$45="Takım"),'KÜÇÜK KIZLAR'!$S$6:$S$45,0),{1,2,3})),0) | E113: =IFERROR(SUMPRODUCT(LARGE(IF(('KÜÇÜK KIZLAR'!$D$6:$D$45=A113)*('KÜÇÜK KIZLAR'!$E$6:$E$45="Takım"),'KÜÇÜK KIZLAR'!$X$6:$X$45,0),{1,2,3})),0) | F113: =B113+C113+D113+E113 | G113: 0 | H113: =IF(A113="","",F113-IFERROR(G113+0,0)) | I113: =IF(A113="","-",RANK.EQ(H113,$H$102:$H$121,0))
... B121: =IFERROR(SUMPRODUCT(LARGE(IF(('KÜÇÜK KIZLAR'!$D$6:$D$45=A121)*('KÜÇÜK KIZLAR'!$E$6:$E$45="Takım"),'KÜÇÜK KIZLAR'!$I$6:$I$45,0),{1,2,3})),0) | C121: =IFERROR(SUMPRODUCT(LARGE(IF(('KÜÇÜK KIZLAR'!$D$6:$D$45=A121)*('KÜÇÜK KIZLAR'!$E$6:$E$45="Takım"),'KÜÇÜK KIZLAR'!$N$6:$N$45,0),{1,2,3})),0) | D121: =IFERROR(SUMPRODUCT(LARGE(IF(('KÜÇÜK KIZLAR'!$D$6:$D$45=A121)*('KÜÇÜK KIZLAR'!$E$6:$E$45="Takım"),'KÜÇÜK KIZLAR'!$S$6:$S$45,0),{1,2,3})),0) | E121: =IFERROR(SUMPRODUCT(LARGE(IF(('KÜÇÜK KIZLAR'!$D$6:$D$45=A121)*('KÜÇÜK KIZLAR'!$E$6:$E$45="Takım"),'KÜÇÜK KIZLAR'!$X$6:$X$45,0),{1,2,3})),0) | F121: =B121+C121+D121+E121 | G121: 0 | H121: =IF(A121="","",F121-IFERROR(G121+0,0)) | I121: =IF(A121="","-",RANK.EQ(H121,$H$102:$H$121,0))
A124: KÜÇÜK ERKEKLER — TAKIM SIRALAMASI
A125: TAKIM ADI | B125: En İyi 3 FX | C125: En İyi 3 VT | D125: En İyi 3 PB | E125: En İyi 3 HB | F125: TOPLAM | G125: KESİNTİ | H125: FİNAL PUAN | I125: SIRALAMA
B126: =IFERROR(SUMPRODUCT(LARGE(IF(('KÜÇÜK ERKEKLER'!$D$6:$D$45=A126)*('KÜÇÜK ERKEKLER'!$E$6:$E$45="Takım"),'KÜÇÜK ERKEKLER'!$I$6:$I$45,0),{1,2,3})),0) | C126: =IFERROR(SUMPRODUCT(LARGE(IF(('KÜÇÜK ERKEKLER'!$D$6:$D$45=A126)*('KÜÇÜK ERKEKLER'!$E$6:$E$45="Takım"),'KÜÇÜK ERKEKLER'!$N$6:$N$45,0),{1,2,3})),0) | D126: =IFERROR(SUMPRODUCT(LARGE(IF(('KÜÇÜK ERKEKLER'!$D$6:$D$45=A126)*('KÜÇÜK ERKEKLER'!$E$6:$E$45="Takım"),'KÜÇÜK ERKEKLER'!$S$6:$S$45,0),{1,2,3})),0) | E126: =IFERROR(SUMPRODUCT(LARGE(IF(('KÜÇÜK ERKEKLER'!$D$6:$D$45=A126)*('KÜÇÜK ERKEKLER'!$E$6:$E$45="Takım"),'KÜÇÜK ERKEKLER'!$X$6:$X$45,0),{1,2,3})),0) | F126: =B126+C126+D126+E126 | G126: 0 | H126: =IF(A126="","",F126-IFERROR(G126+0,0)) | I126: =IF(A126="","-",RANK.EQ(H126,$H$126:$H$145,0))
B127: =IFERROR(SUMPRODUCT(LARGE(IF(('KÜÇÜK ERKEKLER'!$D$6:$D$45=A127)*('KÜÇÜK ERKEKLER'!$E$6:$E$45="Takım"),'KÜÇÜK ERKEKLER'!$I$6:$I$45,0),{1,2,3})),0) | C127: =IFERROR(SUMPRODUCT(LARGE(IF(('KÜÇÜK ERKEKLER'!$D$6:$D$45=A127)*('KÜÇÜK ERKEKLER'!$E$6:$E$45="Takım"),'KÜÇÜK ERKEKLER'!$N$6:$N$45,0),{1,2,3})),0) | D127: =IFERROR(SUMPRODUCT(LARGE(IF(('KÜÇÜK ERKEKLER'!$D$6:$D$45=A127)*('KÜÇÜK ERKEKLER'!$E$6:$E$45="Takım"),'KÜÇÜK ERKEKLER'!$S$6:$S$45,0),{1,2,3})),0) | E127: =IFERROR(SUMPRODUCT(LARGE(IF(('KÜÇÜK ERKEKLER'!$D$6:$D$45=A127)*('KÜÇÜK ERKEKLER'!$E$6:$E$45="Takım"),'KÜÇÜK ERKEKLER'!$X$6:$X$45,0),{1,2,3})),0) | F127: =B127+C127+D127+E127 | G127: 0 | H127: =IF(A127="","",F127-IFERROR(G127+0,0)) | I127: =IF(A127="","-",RANK.EQ(H127,$H$126:$H$145,0))
B128: =IFERROR(SUMPRODUCT(LARGE(IF(('KÜÇÜK ERKEKLER'!$D$6:$D$45=A128)*('KÜÇÜK ERKEKLER'!$E$6:$E$45="Takım"),'KÜÇÜK ERKEKLER'!$I$6:$I$45,0),{1,2,3})),0) | C128: =IFERROR(SUMPRODUCT(LARGE(IF(('KÜÇÜK ERKEKLER'!$D$6:$D$45=A128)*('KÜÇÜK ERKEKLER'!$E$6:$E$45="Takım"),'KÜÇÜK ERKEKLER'!$N$6:$N$45,0),{1,2,3})),0) | D128: =IFERROR(SUMPRODUCT(LARGE(IF(('KÜÇÜK ERKEKLER'!$D$6:$D$45=A128)*('KÜÇÜK ERKEKLER'!$E$6:$E$45="Takım"),'KÜÇÜK ERKEKLER'!$S$6:$S$45,0),{1,2,3})),0) | E128: =IFERROR(SUMPRODUCT(LARGE(IF(('KÜÇÜK ERKEKLER'!$D$6:$D$45=A128)*('KÜÇÜK ERKEKLER'!$E$6:$E$45="Takım"),'KÜÇÜK ERKEKLER'!$X$6:$X$45,0),{1,2,3})),0) | F128: =B128+C128+D128+E128 | G128: 0 | H128: =IF(A128="","",F128-IFERROR(G128+0,0)) | I128: =IF(A128="","-",RANK.EQ(H128,$H$126:$H$145,0))
B129: =IFERROR(SUMPRODUCT(LARGE(IF(('KÜÇÜK ERKEKLER'!$D$6:$D$45=A129)*('KÜÇÜK ERKEKLER'!$E$6:$E$45="Takım"),'KÜÇÜK ERKEKLER'!$I$6:$I$45,0),{1,2,3})),0) | C129: =IFERROR(SUMPRODUCT(LARGE(IF(('KÜÇÜK ERKEKLER'!$D$6:$D$45=A129)*('KÜÇÜK ERKEKLER'!$E$6:$E$45="Takım"),'KÜÇÜK ERKEKLER'!$N$6:$N$45,0),{1,2,3})),0) | D129: =IFERROR(SUMPRODUCT(LARGE(IF(('KÜÇÜK ERKEKLER'!$D$6:$D$45=A129)*('KÜÇÜK ERKEKLER'!$E$6:$E$45="Takım"),'KÜÇÜK ERKEKLER'!$S$6:$S$45,0),{1,2,3})),0) | E129: =IFERROR(SUMPRODUCT(LARGE(IF(('KÜÇÜK ERKEKLER'!$D$6:$D$45=A129)*('KÜÇÜK ERKEKLER'!$E$6:$E$45="Takım"),'KÜÇÜK ERKEKLER'!$X$6:$X$45,0),{1,2,3})),0) | F129: =B129+C129+D129+E129 | G129: 0 | H129: =IF(A129="","",F129-IFERROR(G129+0,0)) | I129: =IF(A129="","-",RANK.EQ(H129,$H$126:$H$145,0))
B130: =IFERROR(SUMPRODUCT(LARGE(IF(('KÜÇÜK ERKEKLER'!$D$6:$D$45=A130)*('KÜÇÜK ERKEKLER'!$E$6:$E$45="Takım"),'KÜÇÜK ERKEKLER'!$I$6:$I$45,0),{1,2,3})),0) | C130: =IFERROR(SUMPRODUCT(LARGE(IF(('KÜÇÜK ERKEKLER'!$D$6:$D$45=A130)*('KÜÇÜK ERKEKLER'!$E$6:$E$45="Takım"),'KÜÇÜK ERKEKLER'!$N$6:$N$45,0),{1,2,3})),0) | D130: =IFERROR(SUMPRODUCT(LARGE(IF(('KÜÇÜK ERKEKLER'!$D$6:$D$45=A130)*('KÜÇÜK ERKEKLER'!$E$6:$E$45="Takım"),'KÜÇÜK ERKEKLER'!$S$6:$S$45,0),{1,2,3})),0) | E130: =IFERROR(SUMPRODUCT(LARGE(IF(('KÜÇÜK ERKEKLER'!$D$6:$D$45=A130)*('KÜÇÜK ERKEKLER'!$E$6:$E$45="Takım"),'KÜÇÜK ERKEKLER'!$X$6:$X$45,0),{1,2,3})),0) | F130: =B130+C130+D130+E130 | G130: 0 | H130: =IF(A130="","",F130-IFERROR(G130+0,0)) | I130: =IF(A130="","-",RANK.EQ(H130,$H$126:$H$145,0))
B131: =IFERROR(SUMPRODUCT(LARGE(IF(('KÜÇÜK ERKEKLER'!$D$6:$D$45=A131)*('KÜÇÜK ERKEKLER'!$E$6:$E$45="Takım"),'KÜÇÜK ERKEKLER'!$I$6:$I$45,0),{1,2,3})),0) | C131: =IFERROR(SUMPRODUCT(LARGE(IF(('KÜÇÜK ERKEKLER'!$D$6:$D$45=A131)*('KÜÇÜK ERKEKLER'!$E$6:$E$45="Takım"),'KÜÇÜK ERKEKLER'!$N$6:$N$45,0),{1,2,3})),0) | D131: =IFERROR(SUMPRODUCT(LARGE(IF(('KÜÇÜK ERKEKLER'!$D$6:$D$45=A131)*('KÜÇÜK ERKEKLER'!$E$6:$E$45="Takım"),'KÜÇÜK ERKEKLER'!$S$6:$S$45,0),{1,2,3})),0) | E131: =IFERROR(SUMPRODUCT(LARGE(IF(('KÜÇÜK ERKEKLER'!$D$6:$D$45=A131)*('KÜÇÜK ERKEKLER'!$E$6:$E$45="Takım"),'KÜÇÜK ERKEKLER'!$X$6:$X$45,0),{1,2,3})),0) | F131: =B131+C131+D131+E131 | G131: 0 | H131: =IF(A131="","",F131-IFERROR(G131+0,0)) | I131: =IF(A131="","-",RANK.EQ(H131,$H$126:$H$145,0))
B132: =IFERROR(SUMPRODUCT(LARGE(IF(('KÜÇÜK ERKEKLER'!$D$6:$D$45=A132)*('KÜÇÜK ERKEKLER'!$E$6:$E$45="Takım"),'KÜÇÜK ERKEKLER'!$I$6:$I$45,0),{1,2,3})),0) | C132: =IFERROR(SUMPRODUCT(LARGE(IF(('KÜÇÜK ERKEKLER'!$D$6:$D$45=A132)*('KÜÇÜK ERKEKLER'!$E$6:$E$45="Takım"),'KÜÇÜK ERKEKLER'!$N$6:$N$45,0),{1,2,3})),0) | D132: =IFERROR(SUMPRODUCT(LARGE(IF(('KÜÇÜK ERKEKLER'!$D$6:$D$45=A132)*('KÜÇÜK ERKEKLER'!$E$6:$E$45="Takım"),'KÜÇÜK ERKEKLER'!$S$6:$S$45,0),{1,2,3})),0) | E132: =IFERROR(SUMPRODUCT(LARGE(IF(('KÜÇÜK ERKEKLER'!$D$6:$D$45=A132)*('KÜÇÜK ERKEKLER'!$E$6:$E$45="Takım"),'KÜÇÜK ERKEKLER'!$X$6:$X$45,0),{1,2,3})),0) | F132: =B132+C132+D132+E132 | G132: 0 | H132: =IF(A132="","",F132-IFERROR(G132+0,0)) | I132: =IF(A132="","-",RANK.EQ(H132,$H$126:$H$145,0))
B133: =IFERROR(SUMPRODUCT(LARGE(IF(('KÜÇÜK ERKEKLER'!$D$6:$D$45=A133)*('KÜÇÜK ERKEKLER'!$E$6:$E$45="Takım"),'KÜÇÜK ERKEKLER'!$I$6:$I$45,0),{1,2,3})),0) | C133: =IFERROR(SUMPRODUCT(LARGE(IF(('KÜÇÜK ERKEKLER'!$D$6:$D$45=A133)*('KÜÇÜK ERKEKLER'!$E$6:$E$45="Takım"),'KÜÇÜK ERKEKLER'!$N$6:$N$45,0),{1,2,3})),0) | D133: =IFERROR(SUMPRODUCT(LARGE(IF(('KÜÇÜK ERKEKLER'!$D$6:$D$45=A133)*('KÜÇÜK ERKEKLER'!$E$6:$E$45="Takım"),'KÜÇÜK ERKEKLER'!$S$6:$S$45,0),{1,2,3})),0) | E133: =IFERROR(SUMPRODUCT(LARGE(IF(('KÜÇÜK ERKEKLER'!$D$6:$D$45=A133)*('KÜÇÜK ERKEKLER'!$E$6:$E$45="Takım"),'KÜÇÜK ERKEKLER'!$X$6:$X$45,0),{1,2,3})),0) | F133: =B133+C133+D133+E133 | G133: 0 | H133: =IF(A133="","",F133-IFERROR(G133+0,0)) | I133: =IF(A133="","-",RANK.EQ(H133,$H$126:$H$145,0))
B134: =IFERROR(SUMPRODUCT(LARGE(IF(('KÜÇÜK ERKEKLER'!$D$6:$D$45=A134)*('KÜÇÜK ERKEKLER'!$E$6:$E$45="Takım"),'KÜÇÜK ERKEKLER'!$I$6:$I$45,0),{1,2,3})),0) | C134: =IFERROR(SUMPRODUCT(LARGE(IF(('KÜÇÜK ERKEKLER'!$D$6:$D$45=A134)*('KÜÇÜK ERKEKLER'!$E$6:$E$45="Takım"),'KÜÇÜK ERKEKLER'!$N$6:$N$45,0),{1,2,3})),0) | D134: =IFERROR(SUMPRODUCT(LARGE(IF(('KÜÇÜK ERKEKLER'!$D$6:$D$45=A134)*('KÜÇÜK ERKEKLER'!$E$6:$E$45="Takım"),'KÜÇÜK ERKEKLER'!$S$6:$S$45,0),{1,2,3})),0) | E134: =IFERROR(SUMPRODUCT(LARGE(IF(('KÜÇÜK ERKEKLER'!$D$6:$D$45=A134)*('KÜÇÜK ERKEKLER'!$E$6:$E$45="Takım"),'KÜÇÜK ERKEKLER'!$X$6:$X$45,0),{1,2,3})),0) | F134: =B134+C134+D134+E134 | G134: 0 | H134: =IF(A134="","",F134-IFERROR(G134+0,0)) | I134: =IF(A134="","-",RANK.EQ(H134,$H$126:$H$145,0))
B135: =IFERROR(SUMPRODUCT(LARGE(IF(('KÜÇÜK ERKEKLER'!$D$6:$D$45=A135)*('KÜÇÜK ERKEKLER'!$E$6:$E$45="Takım"),'KÜÇÜK ERKEKLER'!$I$6:$I$45,0),{1,2,3})),0) | C135: =IFERROR(SUMPRODUCT(LARGE(IF(('KÜÇÜK ERKEKLER'!$D$6:$D$45=A135)*('KÜÇÜK ERKEKLER'!$E$6:$E$45="Takım"),'KÜÇÜK ERKEKLER'!$N$6:$N$45,0),{1,2,3})),0) | D135: =IFERROR(SUMPRODUCT(LARGE(IF(('KÜÇÜK ERKEKLER'!$D$6:$D$45=A135)*('KÜÇÜK ERKEKLER'!$E$6:$E$45="Takım"),'KÜÇÜK ERKEKLER'!$S$6:$S$45,0),{1,2,3})),0) | E135: =IFERROR(SUMPRODUCT(LARGE(IF(('KÜÇÜK ERKEKLER'!$D$6:$D$45=A135)*('KÜÇÜK ERKEKLER'!$E$6:$E$45="Takım"),'KÜÇÜK ERKEKLER'!$X$6:$X$45,0),{1,2,3})),0) | F135: =B135+C135+D135+E135 | G135: 0 | H135: =IF(A135="","",F135-IFERROR(G135+0,0)) | I135: =IF(A135="","-",RANK.EQ(H135,$H$126:$H$145,0))
B136: =IFERROR(SUMPRODUCT(LARGE(IF(('KÜÇÜK ERKEKLER'!$D$6:$D$45=A136)*('KÜÇÜK ERKEKLER'!$E$6:$E$45="Takım"),'KÜÇÜK ERKEKLER'!$I$6:$I$45,0),{1,2,3})),0) | C136: =IFERROR(SUMPRODUCT(LARGE(IF(('KÜÇÜK ERKEKLER'!$D$6:$D$45=A136)*('KÜÇÜK ERKEKLER'!$E$6:$E$45="Takım"),'KÜÇÜK ERKEKLER'!$N$6:$N$45,0),{1,2,3})),0) | D136: =IFERROR(SUMPRODUCT(LARGE(IF(('KÜÇÜK ERKEKLER'!$D$6:$D$45=A136)*('KÜÇÜK ERKEKLER'!$E$6:$E$45="Takım"),'KÜÇÜK ERKEKLER'!$S$6:$S$45,0),{1,2,3})),0) | E136: =IFERROR(SUMPRODUCT(LARGE(IF(('KÜÇÜK ERKEKLER'!$D$6:$D$45=A136)*('KÜÇÜK ERKEKLER'!$E$6:$E$45="Takım"),'KÜÇÜK ERKEKLER'!$X$6:$X$45,0),{1,2,3})),0) | F136: =B136+C136+D136+E136 | G136: 0 | H136: =IF(A136="","",F136-IFERROR(G136+0,0)) | I136: =IF(A136="","-",RANK.EQ(H136,$H$126:$H$145,0))
B137: =IFERROR(SUMPRODUCT(LARGE(IF(('KÜÇÜK ERKEKLER'!$D$6:$D$45=A137)*('KÜÇÜK ERKEKLER'!$E$6:$E$45="Takım"),'KÜÇÜK ERKEKLER'!$I$6:$I$45,0),{1,2,3})),0) | C137: =IFERROR(SUMPRODUCT(LARGE(IF(('KÜÇÜK ERKEKLER'!$D$6:$D$45=A137)*('KÜÇÜK ERKEKLER'!$E$6:$E$45="Takım"),'KÜÇÜK ERKEKLER'!$N$6:$N$45,0),{1,2,3})),0) | D137: =IFERROR(SUMPRODUCT(LARGE(IF(('KÜÇÜK ERKEKLER'!$D$6:$D$45=A137)*('KÜÇÜK ERKEKLER'!$E$6:$E$45="Takım"),'KÜÇÜK ERKEKLER'!$S$6:$S$45,0),{1,2,3})),0) | E137: =IFERROR(SUMPRODUCT(LARGE(IF(('KÜÇÜK ERKEKLER'!$D$6:$D$45=A137)*('KÜÇÜK ERKEKLER'!$E$6:$E$45="Takım"),'KÜÇÜK ERKEKLER'!$X$6:$X$45,0),{1,2,3})),0) | F137: =B137+C137+D137+E137 | G137: 0 | H137: =IF(A137="","",F137-IFERROR(G137+0,0)) | I137: =IF(A137="","-",RANK.EQ(H137,$H$126:$H$145,0))
... B145: =IFERROR(SUMPRODUCT(LARGE(IF(('KÜÇÜK ERKEKLER'!$D$6:$D$45=A145)*('KÜÇÜK ERKEKLER'!$E$6:$E$45="Takım"),'KÜÇÜK ERKEKLER'!$I$6:$I$45,0),{1,2,3})),0) | C145: =IFERROR(SUMPRODUCT(LARGE(IF(('KÜÇÜK ERKEKLER'!$D$6:$D$45=A145)*('KÜÇÜK ERKEKLER'!$E$6:$E$45="Takım"),'KÜÇÜK ERKEKLER'!$N$6:$N$45,0),{1,2,3})),0) | D145: =IFERROR(SUMPRODUCT(LARGE(IF(('KÜÇÜK ERKEKLER'!$D$6:$D$45=A145)*('KÜÇÜK ERKEKLER'!$E$6:$E$45="Takım"),'KÜÇÜK ERKEKLER'!$S$6:$S$45,0),{1,2,3})),0) | E145: =IFERROR(SUMPRODUCT(LARGE(IF(('KÜÇÜK ERKEKLER'!$D$6:$D$45=A145)*('KÜÇÜK ERKEKLER'!$E$6:$E$45="Takım"),'KÜÇÜK ERKEKLER'!$X$6:$X$45,0),{1,2,3})),0) | F145: =B145+C145+D145+E145 | G145: 0 | H145: =IF(A145="","",F145-IFERROR(G145+0,0)) | I145: =IF(A145="","-",RANK.EQ(H145,$H$126:$H$145,0))
A148: YILDIZ KIZLAR — TAKIM SIRALAMASI
A149: TAKIM ADI | B149: En İyi 3 VT | C149: En İyi 3 UB | D149: En İyi 3 BB | E149: En İyi 3 FX | F149: TOPLAM | G149: KESİNTİ | H149: FİNAL PUAN | I149: SIRALAMA
B150: =IFERROR(SUMPRODUCT(LARGE(IF(('YILDIZ KIZLAR'!$D$6:$D$45=A150)*('YILDIZ KIZLAR'!$E$6:$E$45="Takım"),'YILDIZ KIZLAR'!$I$6:$I$45,0),{1,2,3})),0) | C150: =IFERROR(SUMPRODUCT(LARGE(IF(('YILDIZ KIZLAR'!$D$6:$D$45=A150)*('YILDIZ KIZLAR'!$E$6:$E$45="Takım"),'YILDIZ KIZLAR'!$N$6:$N$45,0),{1,2,3})),0) | D150: =IFERROR(SUMPRODUCT(LARGE(IF(('YILDIZ KIZLAR'!$D$6:$D$45=A150)*('YILDIZ KIZLAR'!$E$6:$E$45="Takım"),'YILDIZ KIZLAR'!$S$6:$S$45,0),{1,2,3})),0) | E150: =IFERROR(SUMPRODUCT(LARGE(IF(('YILDIZ KIZLAR'!$D$6:$D$45=A150)*('YILDIZ KIZLAR'!$E$6:$E$45="Takım"),'YILDIZ KIZLAR'!$X$6:$X$45,0),{1,2,3})),0) | F150: =B150+C150+D150+E150 | G150: 0 | H150: =IF(A150="","",F150-IFERROR(G150+0,0)) | I150: =IF(A150="","-",RANK.EQ(H150,$H$150:$H$169,0))
B151: =IFERROR(SUMPRODUCT(LARGE(IF(('YILDIZ KIZLAR'!$D$6:$D$45=A151)*('YILDIZ KIZLAR'!$E$6:$E$45="Takım"),'YILDIZ KIZLAR'!$I$6:$I$45,0),{1,2,3})),0) | C151: =IFERROR(SUMPRODUCT(LARGE(IF(('YILDIZ KIZLAR'!$D$6:$D$45=A151)*('YILDIZ KIZLAR'!$E$6:$E$45="Takım"),'YILDIZ KIZLAR'!$N$6:$N$45,0),{1,2,3})),0) | D151: =IFERROR(SUMPRODUCT(LARGE(IF(('YILDIZ KIZLAR'!$D$6:$D$45=A151)*('YILDIZ KIZLAR'!$E$6:$E$45="Takım"),'YILDIZ KIZLAR'!$S$6:$S$45,0),{1,2,3})),0) | E151: =IFERROR(SUMPRODUCT(LARGE(IF(('YILDIZ KIZLAR'!$D$6:$D$45=A151)*('YILDIZ KIZLAR'!$E$6:$E$45="Takım"),'YILDIZ KIZLAR'!$X$6:$X$45,0),{1,2,3})),0) | F151: =B151+C151+D151+E151 | G151: 0 | H151: =IF(A151="","",F151-IFERROR(G151+0,0)) | I151: =IF(A151="","-",RANK.EQ(H151,$H$150:$H$169,0))
B152: =IFERROR(SUMPRODUCT(LARGE(IF(('YILDIZ KIZLAR'!$D$6:$D$45=A152)*('YILDIZ KIZLAR'!$E$6:$E$45="Takım"),'YILDIZ KIZLAR'!$I$6:$I$45,0),{1,2,3})),0) | C152: =IFERROR(SUMPRODUCT(LARGE(IF(('YILDIZ KIZLAR'!$D$6:$D$45=A152)*('YILDIZ KIZLAR'!$E$6:$E$45="Takım"),'YILDIZ KIZLAR'!$N$6:$N$45,0),{1,2,3})),0) | D152: =IFERROR(SUMPRODUCT(LARGE(IF(('YILDIZ KIZLAR'!$D$6:$D$45=A152)*('YILDIZ KIZLAR'!$E$6:$E$45="Takım"),'YILDIZ KIZLAR'!$S$6:$S$45,0),{1,2,3})),0) | E152: =IFERROR(SUMPRODUCT(LARGE(IF(('YILDIZ KIZLAR'!$D$6:$D$45=A152)*('YILDIZ KIZLAR'!$E$6:$E$45="Takım"),'YILDIZ KIZLAR'!$X$6:$X$45,0),{1,2,3})),0) | F152: =B152+C152+D152+E152 | G152: 0 | H152: =IF(A152="","",F152-IFERROR(G152+0,0)) | I152: =IF(A152="","-",RANK.EQ(H152,$H$150:$H$169,0))
B153: =IFERROR(SUMPRODUCT(LARGE(IF(('YILDIZ KIZLAR'!$D$6:$D$45=A153)*('YILDIZ KIZLAR'!$E$6:$E$45="Takım"),'YILDIZ KIZLAR'!$I$6:$I$45,0),{1,2,3})),0) | C153: =IFERROR(SUMPRODUCT(LARGE(IF(('YILDIZ KIZLAR'!$D$6:$D$45=A153)*('YILDIZ KIZLAR'!$E$6:$E$45="Takım"),'YILDIZ KIZLAR'!$N$6:$N$45,0),{1,2,3})),0) | D153: =IFERROR(SUMPRODUCT(LARGE(IF(('YILDIZ KIZLAR'!$D$6:$D$45=A153)*('YILDIZ KIZLAR'!$E$6:$E$45="Takım"),'YILDIZ KIZLAR'!$S$6:$S$45,0),{1,2,3})),0) | E153: =IFERROR(SUMPRODUCT(LARGE(IF(('YILDIZ KIZLAR'!$D$6:$D$45=A153)*('YILDIZ KIZLAR'!$E$6:$E$45="Takım"),'YILDIZ KIZLAR'!$X$6:$X$45,0),{1,2,3})),0) | F153: =B153+C153+D153+E153 | G153: 0 | H153: =IF(A153="","",F153-IFERROR(G153+0,0)) | I153: =IF(A153="","-",RANK.EQ(H153,$H$150:$H$169,0))
B154: =IFERROR(SUMPRODUCT(LARGE(IF(('YILDIZ KIZLAR'!$D$6:$D$45=A154)*('YILDIZ KIZLAR'!$E$6:$E$45="Takım"),'YILDIZ KIZLAR'!$I$6:$I$45,0),{1,2,3})),0) | C154: =IFERROR(SUMPRODUCT(LARGE(IF(('YILDIZ KIZLAR'!$D$6:$D$45=A154)*('YILDIZ KIZLAR'!$E$6:$E$45="Takım"),'YILDIZ KIZLAR'!$N$6:$N$45,0),{1,2,3})),0) | D154: =IFERROR(SUMPRODUCT(LARGE(IF(('YILDIZ KIZLAR'!$D$6:$D$45=A154)*('YILDIZ KIZLAR'!$E$6:$E$45="Takım"),'YILDIZ KIZLAR'!$S$6:$S$45,0),{1,2,3})),0) | E154: =IFERROR(SUMPRODUCT(LARGE(IF(('YILDIZ KIZLAR'!$D$6:$D$45=A154)*('YILDIZ KIZLAR'!$E$6:$E$45="Takım"),'YILDIZ KIZLAR'!$X$6:$X$45,0),{1,2,3})),0) | F154: =B154+C154+D154+E154 | G154: 0 | H154: =IF(A154="","",F154-IFERROR(G154+0,0)) | I154: =IF(A154="","-",RANK.EQ(H154,$H$150:$H$169,0))
B155: =IFERROR(SUMPRODUCT(LARGE(IF(('YILDIZ KIZLAR'!$D$6:$D$45=A155)*('YILDIZ KIZLAR'!$E$6:$E$45="Takım"),'YILDIZ KIZLAR'!$I$6:$I$45,0),{1,2,3})),0) | C155: =IFERROR(SUMPRODUCT(LARGE(IF(('YILDIZ KIZLAR'!$D$6:$D$45=A155)*('YILDIZ KIZLAR'!$E$6:$E$45="Takım"),'YILDIZ KIZLAR'!$N$6:$N$45,0),{1,2,3})),0) | D155: =IFERROR(SUMPRODUCT(LARGE(IF(('YILDIZ KIZLAR'!$D$6:$D$45=A155)*('YILDIZ KIZLAR'!$E$6:$E$45="Takım"),'YILDIZ KIZLAR'!$S$6:$S$45,0),{1,2,3})),0) | E155: =IFERROR(SUMPRODUCT(LARGE(IF(('YILDIZ KIZLAR'!$D$6:$D$45=A155)*('YILDIZ KIZLAR'!$E$6:$E$45="Takım"),'YILDIZ KIZLAR'!$X$6:$X$45,0),{1,2,3})),0) | F155: =B155+C155+D155+E155 | G155: 0 | H155: =IF(A155="","",F155-IFERROR(G155+0,0)) | I155: =IF(A155="","-",RANK.EQ(H155,$H$150:$H$169,0))
...

Sheet ALET FİNALLERİ
A1: ALET FİNALLERİ — AYRICALIKLI TUR PUANLAMASI (Top-8)
A2: Eleme sırasına göre her alette top-8 sporcu elle girilir. Final turu için D/E/ND puanları girilir → Final ve Sıralama otomatik hesaplanır.
A4: ATLAMA (VT) — MİNİK A KIZLAR
A5: Eleme Sırası | B5: Ad | C5: Soyad | D5: Okul / Kulüp | E5: D | F5: E | G5: ND | H5: FİNAL | I5: Dur | J5: FİN.SIRA
A6: 1 | H6: =IF(OR(I6="G",I6="D"),0,IF(AND(E6="",F6=""),0,MAX(0,IFERROR(E6+0,0)+IFERROR(F6+0,0)-IFERROR(G6+0,0)))) | J6: =IF(OR(B6="",H6=0),"-",RANK.EQ(H6,$H$6:$H$13,0))
A7: 2 | H7: =IF(OR(I7="G",I7="D"),0,IF(AND(E7="",F7=""),0,MAX(0,IFERROR(E7+0,0)+IFERROR(F7+0,0)-IFERROR(G7+0,0)))) | J7: =IF(OR(B7="",H7=0),"-",RANK.EQ(H7,$H$6:$H$13,0))
A8: 3 | H8: =IF(OR(I8="G",I8="D"),0,IF(AND(E8="",F8=""),0,MAX(0,IFERROR(E8+0,0)+IFERROR(F8+0,0)-IFERROR(G8+0,0)))) | J8: =IF(OR(B8="",H8=0),"-",RANK.EQ(H8,$H$6:$H$13,0))
A9: 4 | H9: =IF(OR(I9="G",I9="D"),0,IF(AND(E9="",F9=""),0,MAX(0,IFERROR(E9+0,0)+IFERROR(F9+0,0)-IFERROR(G9+0,0)))) | J9: =IF(OR(B9="",H9=0),"-",RANK.EQ(H9,$H$6:$H$13,0))
A10: 5 | H10: =IF(OR(I10="G",I10="D"),0,IF(AND(E10="",F10=""),0,MAX(0,IFERROR(E10+0,0)+IFERROR(F10+0,0)-IFERROR(G10+0,0)))) | J10: =IF(OR(B10="",H10=0),"-",RANK.EQ(H10,$H$6:$H$13,0))
A11: 6 | H11: =IF(OR(I11="G",I11="D"),0,IF(AND(E11="",F11=""),0,MAX(0,IFERROR(E11+0,0)+IFERROR(F11+0,0)-IFERROR(G11+0,0)))) | J11: =IF(OR(B11="",H11=0),"-",RANK.EQ(H11,$H$6:$H$13,0))
A12: 7 | H12: =IF(OR(I12="G",I12="D"),0,IF(AND(E12="",F12=""),0,MAX(0,IFERROR(E12+0,0)+IFERROR(F12+0,0)-IFERROR(G12+0,0)))) | J12: =IF(OR(B12="",H12=0),"-",RANK.EQ(H12,$H$6:$H$13,0))
A13: 8 | H13: =IF(OR(I13="G",I13="D"),0,IF(AND(E13="",F13=""),0,MAX(0,IFERROR(E13+0,0)+IFERROR(F13+0,0)-IFERROR(G13+0,0)))) | J13: =IF(OR(B13="",H13=0),"-",RANK.EQ(H13,$H$6:$H$13,0))
A16: SERBEST (FX) — MİNİK A KIZLAR
A17: Eleme Sırası | B17: Ad | C17: Soyad | D17: Okul / Kulüp | E17: D | F17: E | G17: ND | H17: FİNAL | I17: Dur | J17: FİN.SIRA
A18: 1 | H18: =IF(OR(I18="G",I18="D"),0,IF(AND(E18="",F18=""),0,MAX(0,IFERROR(E18+0,0)+IFERROR(F18+0,0)-IFERROR(G18+0,0)))) | J18: =IF(OR(B18="",H18=0),"-",RANK.EQ(H18,$H$18:$H$25,0))
A19: 2 | H19: =IF(OR(I19="G",I19="D"),0,IF(AND(E19="",F19=""),0,MAX(0,IFERROR(E19+0,0)+IFERROR(F19+0,0)-IFERROR(G19+0,0)))) | J19: =IF(OR(B19="",H19=0),"-",RANK.EQ(H19,$H$18:$H$25,0))
A20: 3 | H20: =IF(OR(I20="G",I20="D"),0,IF(AND(E20="",F20=""),0,MAX(0,IFERROR(E20+0,0)+IFERROR(F20+0,0)-IFERROR(G20+0,0)))) | J20: =IF(OR(B20="",H20=0),"-",RANK.EQ(H20,$H$18:$H$25,0))
A21: 4 | H21: =IF(OR(I21="G",I21="D"),0,IF(AND(E21="",F21=""),0,MAX(0,IFERROR(E21+0,0)+IFERROR(F21+0,0)-IFERROR(G21+0,0)))) | J21: =IF(OR(B21="",H21=0),"-",RANK.EQ(H21,$H$18:$H$25,0))
A22: 5 | H22: =IF(OR(I22="G",I22="D"),0,IF(AND(E22="",F22=""),0,MAX(0,IFERROR(E22+0,0)+IFERROR(F22+0,0)-IFERROR(G22+0,0)))) | J22: =IF(OR(B22="",H22=0),"-",RANK.EQ(H22,$H$18:$H$25,0))
A23: 6 | H23: =IF(OR(I23="G",I23="D"),0,IF(AND(E23="",F23=""),0,MAX(0,IFERROR(E23+0,0)+IFERROR(F23+0,0)-IFERROR(G23+0,0)))) | J23: =IF(OR(B23="",H23=0),"-",RANK.EQ(H23,$H$18:$H$25,0))
A24: 7 | H24: =IF(OR(I24="G",I24="D"),0,IF(AND(E24="",F24=""),0,MAX(0,IFERROR(E24+0,0)+IFERROR(F24+0,0)-IFERROR(G24+0,0)))) | J24: =IF(OR(B24="",H24=0),"-",RANK.EQ(H24,$H$18:$H$25,0))
A25: 8 | H25: =IF(OR(I25="G",I25="D"),0,IF(AND(E25="",F25=""),0,MAX(0,IFERROR(E25+0,0)+IFERROR(F25+0,0)-IFERROR(G25+0,0)))) | J25: =IF(OR(B25="",H25=0),"-",RANK.EQ(H25,$H$18:$H$25,0))
A28: YER (FX) — MİNİK A ERKEKLER
A29: Eleme Sırası | B29: Ad | C29: Soyad | D29: Okul / Kulüp | E29: D | F29: E | G29: ND | H29: FİNAL | I29: Dur | J29: FİN.SIRA
A30: 1 | H30: =IF(OR(I30="G",I30="D"),0,IF(AND(E30="",F30=""),0,MAX(0,IFERROR(E30+0,0)+IFERROR(F30+0,0)-IFERROR(G30+0,0)))) | J30: =IF(OR(B30="",H30=0),"-",RANK.EQ(H30,$H$30:$H$37,0))
A31: 2 | H31: =IF(OR(I31="G",I31="D"),0,IF(AND(E31="",F31=""),0,MAX(0,IFERROR(E31+0,0)+IFERROR(F31+0,0)-IFERROR(G31+0,0)))) | J31: =IF(OR(B31="",H31=0),"-",RANK.EQ(H31,$H$30:$H$37,0))
A32: 3 | H32: =IF(OR(I32="G",I32="D"),0,IF(AND(E32="",F32=""),0,MAX(0,IFERROR(E32+0,0)+IFERROR(F32+0,0)-IFERROR(G32+0,0)))) | J32: =IF(OR(B32="",H32=0),"-",RANK.EQ(H32,$H$30:$H$37,0))
A33: 4 | H33: =IF(OR(I33="G",I33="D"),0,IF(AND(E33="",F33=""),0,MAX(0,IFERROR(E33+0,0)+IFERROR(F33+0,0)-IFERROR(G33+0,0)))) | J33: =IF(OR(B33="",H33=0),"-",RANK.EQ(H33,$H$30:$H$37,0))
A34: 5 | H34: =IF(OR(I34="G",I34="D"),0,IF(AND(E34="",F34=""),0,MAX(0,IFERROR(E34+0,0)+IFERROR(F34+0,0)-IFERROR(G34+0,0)))) | J34: =IF(OR(B34="",H34=0),"-",RANK.EQ(H34,$H$30:$H$37,0))
A35: 6 | H35: =IF(OR(I35="G",I35="D"),0,IF(AND(E35="",F35=""),0,MAX(0,IFERROR(E35+0,0)+IFERROR(F35+0,0)-IFERROR(G35+0,0)))) | J35: =IF(OR(B35="",H35=0),"-",RANK.EQ(H35,$H$30:$H$37,0))
A36: 7 | H36: =IF(OR(I36="G",I36="D"),0,IF(AND(E36="",F36=""),0,MAX(0,IFERROR(E36+0,0)+IFERROR(F36+0,0)-IFERROR(G36+0,0)))) | J36: =IF(OR(B36="",H36=0),"-",RANK.EQ(H36,$H$30:$H$37,0))
A37: 8 | H37: =IF(OR(I37="G",I37="D"),0,IF(AND(E37="",F37=""),0,MAX(0,IFERROR(E37+0,0)+IFERROR(F37+0,0)-IFERROR(G37+0,0)))) | J37: =IF(OR(B37="",H37=0),"-",RANK.EQ(H37,$H$30:$H$37,0))
A40: ATLAMA (VT) — MİNİK A ERKEKLER
A41: Eleme Sırası | B41: Ad | C41: Soyad | D41: Okul / Kulüp | E41: D | F41: E | G41: ND | H41: FİNAL | I41: Dur | J41: FİN.SIRA
A42: 1 | H42: =IF(OR(I42="G",I42="D"),0,IF(AND(E42="",F42=""),0,MAX(0,IFERROR(E42+0,0)+IFERROR(F42+0,0)-IFERROR(G42+0,0)))) | J42: =IF(OR(B42="",H42=0),"-",RANK.EQ(H42,$H$42:$H$49,0))
A43: 2 | H43: =IF(OR(I43="G",I43="D"),0,IF(AND(E43="",F43=""),0,MAX(0,IFERROR(E43+0,0)+IFERROR(F43+0,0)-IFERROR(G43+0,0)))) | J43: =IF(OR(B43="",H43=0),"-",RANK.EQ(H43,$H$42:$H$49,0))
A44: 3 | H44: =IF(OR(I44="G",I44="D"),0,IF(AND(E44="",F44=""),0,MAX(0,IFERROR(E44+0,0)+IFERROR(F44+0,0)-IFERROR(G44+0,0)))) | J44: =IF(OR(B44="",H44=0),"-",RANK.EQ(H44,$H$42:$H$49,0))
A45: 4 | H45: =IF(OR(I45="G",I45="D"),0,IF(AND(E45="",F45=""),0,MAX(0,IFERROR(E45+0,0)+IFERROR(F45+0,0)-IFERROR(G45+0,0)))) | J45: =IF(OR(B45="",H45=0),"-",RANK.EQ(H45,$H$42:$H$49,0))
A46: 5 | H46: =IF(OR(I46="G",I46="D"),0,IF(AND(E46="",F46=""),0,MAX(0,IFERROR(E46+0,0)+IFERROR(F46+0,0)-IFERROR(G46+0,0)))) | J46: =IF(OR(B46="",H46=0),"-",RANK.EQ(H46,$H$42:$H$49,0))
A47: 6 | H47: =IF(OR(I47="G",I47="D"),0,IF(AND(E47="",F47=""),0,MAX(0,IFERROR(E47+0,0)+IFERROR(F47+0,0)-IFERROR(G47+0,0)))) | J47: =IF(OR(B47="",H47=0),"-",RANK.EQ(H47,$H$42:$H$49,0))
A48: 7 | H48: =IF(OR(I48="G",I48="D"),0,IF(AND(E48="",F48=""),0,MAX(0,IFERROR(E48+0,0)+IFERROR(F48+0,0)-IFERROR(G48+0,0)))) | J48: =IF(OR(B48="",H48=0),"-",RANK.EQ(H48,$H$42:$H$49,0))
A49: 8 | H49: =IF(OR(I49="G",I49="D"),0,IF(AND(E49="",F49=""),0,MAX(0,IFERROR(E49+0,0)+IFERROR(F49+0,0)-IFERROR(G49+0,0)))) | J49: =IF(OR(B49="",H49=0),"-",RANK.EQ(H49,$H$42:$H$49,0))
A52: ATLAMA (VT) — MİNİK B KIZLAR
A53: Eleme Sırası | B53: Ad | C53: Soyad | D53: Okul / Kulüp | E53: D | F53: E | G53: ND | H53: FİNAL | I53: Dur | J53: FİN.SIRA
A54: 1 | H54: =IF(OR(I54="G",I54="D"),0,IF(AND(E54="",F54=""),0,MAX(0,IFERROR(E54+0,0)+IFERROR(F54+0,0)-IFERROR(G54+0,0)))) | J54: =IF(OR(B54="",H54=0),"-",RANK.EQ(H54,$H$54:$H$61,0))
A55: 2 | H55: =IF(OR(I55="G",I55="D"),0,IF(AND(E55="",F55=""),0,MAX(0,IFERROR(E55+0,0)+IFERROR(F55+0,0)-IFERROR(G55+0,0)))) | J55: =IF(OR(B55="",H55=0),"-",RANK.EQ(H55,$H$54:$H$61,0))
A56: 3 | H56: =IF(OR(I56="G",I56="D"),0,IF(AND(E56="",F56=""),0,MAX(0,IFERROR(E56+0,0)+IFERROR(F56+0,0)-IFERROR(G56+0,0)))) | J56: =IF(OR(B56="",H56=0),"-",RANK.EQ(H56,$H$54:$H$61,0))
A57: 4 | H57: =IF(OR(I57="G",I57="D"),0,IF(AND(E57="",F57=""),0,MAX(0,IFERROR(E57+0,0)+IFERROR(F57+0,0)-IFERROR(G57+0,0)))) | J57: =IF(OR(B57="",H57=0),"-",RANK.EQ(H57,$H$54:$H$61,0))
A58: 5 | H58: =IF(OR(I58="G",I58="D"),0,IF(AND(E58="",F58=""),0,MAX(0,IFERROR(E58+0,0)+IFERROR(F58+0,0)-IFERROR(G58+0,0)))) | J58: =IF(OR(B58="",H58=0),"-",RANK.EQ(H58,$H$54:$H$61,0))
A59: 6 | H59: =IF(OR(I59="G",I59="D"),0,IF(AND(E59="",F59=""),0,MAX(0,IFERROR(E59+0,0)+IFERROR(F59+0,0)-IFERROR(G59+0,0)))) | J59: =IF(OR(B59="",H59=0),"-",RANK.EQ(H59,$H$54:$H$61,0))
A60: 7 | H60: =IF(OR(I60="G",I60="D"),0,IF(AND(E60="",F60=""),0,MAX(0,IFERROR(E60+0,0)+IFERROR(F60+0,0)-IFERROR(G60+0,0)))) | J60: =IF(OR(B60="",H60=0),"-",RANK.EQ(H60,$H$54:$H$61,0))
A61: 8 | H61: =IF(OR(I61="G",I61="D"),0,IF(AND(E61="",F61=""),0,MAX(0,IFERROR(E61+0,0)+IFERROR(F61+0,0)-IFERROR(G61+0,0)))) | J61: =IF(OR(B61="",H61=0),"-",RANK.EQ(H61,$H$54:$H$61,0))
A64: SERBEST (FX) — MİNİK B KIZLAR
A65: Eleme Sırası | B65: Ad | C65: Soyad | D65: Okul / Kulüp | E65: D | F65: E | G65: ND | H65: FİNAL | I65: Dur | J65: FİN.SIRA
A66: 1 | H66: =IF(OR(I66="G",I66="D"),0,IF(AND(E66="",F66=""),0,MAX(0,IFERROR(E66+0,0)+IFERROR(F66+0,0)-IFERROR(G66+0,0)))) | J66: =IF(OR(B66="",H66=0),"-",RANK.EQ(H66,$H$66:$H$73,0))
A67: 2 | H67: =IF(OR(I67="G",I67="D"),0,IF(AND(E67="",F67=""),0,MAX(0,IFERROR(E67+0,0)+IFERROR(F67+0,0)-IFERROR(G67+0,0)))) | J67: =IF(OR(B67="",H67=0),"-",RANK.EQ(H67,$H$66:$H$73,0))
A68: 3 | H68: =IF(OR(I68="G",I68="D"),0,IF(AND(E68="",F68=""),0,MAX(0,IFERROR(E68+0,0)+IFERROR(F68+0,0)-IFERROR(G68+0,0)))) | J68: =IF(OR(B68="",H68=0),"-",RANK.EQ(H68,$H$66:$H$73,0))
A69: 4 | H69: =IF(OR(I69="G",I69="D"),0,IF(AND(E69="",F69=""),0,MAX(0,IFERROR(E69+0,0)+IFERROR(F69+0,0)-IFERROR(G69+0,0)))) | J69: =IF(OR(B69="",H69=0),"-",RANK.EQ(H69,$H$66:$H$73,0))
A70: 5 | H70: =IF(OR(I70="G",I70="D"),0,IF(AND(E70="",F70=""),0,MAX(0,IFERROR(E70+0,0)+IFERROR(F70+0,0)-IFERROR(G70+0,0)))) | J70: =IF(OR(B70="",H70=0),"-",RANK.EQ(H70,$H$66:$H$73,0))
A71: 6 | H71: =IF(OR(I71="G",I71="D"),0,IF(AND(E71="",F71=""),0,MAX(0,IFERROR(E71+0,0)+IFERROR(F71+0,0)-IFERROR(G71+0,0)))) | J71: =IF(OR(B71="",H71=0),"-",RANK.EQ(H71,$H$66:$H$73,0))
A72: 7 | H72: =IF(OR(I72="G",I72="D"),0,IF(AND(E72="",F72=""),0,MAX(0,IFERROR(E72+0,0)+IFERROR(F72+0,0)-IFERROR(G72+0,0)))) | J72: =IF(OR(B72="",H72=0),"-",RANK.EQ(H72,$H$66:$H$73,0))
A73: 8 | H73: =IF(OR(I73="G",I73="D"),0,IF(AND(E73="",F73=""),0,MAX(0,IFERROR(E73+0,0)+IFERROR(F73+0,0)-IFERROR(G73+0,0)))) | J73: =IF(OR(B73="",H73=0),"-",RANK.EQ(H73,$H$66:$H$73,0))
A76: YER (FX) — MİNİK B ERKEKLER
A77: Eleme Sırası | B77: Ad | C77: Soyad | D77: Okul / Kulüp | E77: D | F77: E | G77: ND | H77: FİNAL | I77: Dur | J77: FİN.SIRA
A78: 1 | H78: =IF(OR(I78="G",I78="D"),0,IF(AND(E78="",F78=""),0,MAX(0,IFERROR(E78+0,0)+IFERROR(F78+0,0)-IFERROR(G78+0,0)))) | J78: =IF(OR(B78="",H78=0),"-",RANK.EQ(H78,$H$78:$H$85,0))
A79: 2 | H79: =IF(OR(I79="G",I79="D"),0,IF(AND(E79="",F79=""),0,MAX(0,IFERROR(E79+0,0)+IFERROR(F79+0,0)-IFERROR(G79+0,0)))) | J79: =IF(OR(B79="",H79=0),"-",RANK.EQ(H79,$H$78:$H$85,0))
A80: 3 | H80: =IF(OR(I80="G",I80="D"),0,IF(AND(E80="",F80=""),0,MAX(0,IFERROR(E80+0,0)+IFERROR(F80+0,0)-IFERROR(G80+0,0)))) | J80: =IF(OR(B80="",H80=0),"-",RANK.EQ(H80,$H$78:$H$85,0))
A81: 4 | H81: =IF(OR(I81="G",I81="D"),0,IF(AND(E81="",F81=""),0,MAX(0,IFERROR(E81+0,0)+IFERROR(F81+0,0)-IFERROR(G81+0,0)))) | J81: =IF(OR(B81="",H81=0),"-",RANK.EQ(H81,$H$78:$H$85,0))
A82: 5 | H82: =IF(OR(I82="G",I82="D"),0,IF(AND(E82="",F82=""),0,MAX(0,IFERROR(E82+0,0)+IFERROR(F82+0,0)-IFERROR(G82+0,0)))) | J82: =IF(OR(B82="",H82=0),"-",RANK.EQ(H82,$H$78:$H$85,0))
A83: 6 | H83: =IF(OR(I83="G",I83="D"),0,IF(AND(E83="",F83=""),0,MAX(0,IFERROR(E83+0,0)+IFERROR(F83+0,0)-IFERROR(G83+0,0)))) | J83: =IF(OR(B83="",H83=0),"-",RANK.EQ(H83,$H$78:$H$85,0))
A84: 7 | H84: =IF(OR(I84="G",I84="D"),0,IF(AND(E84="",F84=""),0,MAX(0,IFERROR(E84+0,0)+IFERROR(F84+0,0)-IFERROR(G84+0,0)))) | J84: =IF(OR(B84="",H84=0),"-",RANK.EQ(H84,$H$78:$H$85,0))
A85: 8 | H85: =IF(OR(I85="G",I85="D"),0,IF(AND(E85="",F85=""),0,MAX(0,IFERROR(E85+0,0)+IFERROR(F85+0,0)-IFERROR(G85+0,0)))) | J85: =IF(OR(B85="",H85=0),"-",RANK.EQ(H85,$H$78:$H$85,0))
A88: ATLAMA (VT) — MİNİK B ERKEKLER
A89: Eleme Sırası | B89: Ad | C89: Soyad | D89: Okul / Kulüp | E89: D | F89: E | G89: ND | H89: FİNAL | I89: Dur | J89: FİN.SIRA
A90: 1 | H90: =IF(OR(I90="G",I90="D"),0,IF(AND(E90="",F90=""),0,MAX(0,IFERROR(E90+0,0)+IFERROR(F90+0,0)-IFERROR(G90+0,0)))) | J90: =IF(OR(B90="",H90=0),"-",RANK.EQ(H90,$H$90:$H$97,0))
A91: 2 | H91: =IF(OR(I91="G",I91="D"),0,IF(AND(E91="",F91=""),0,MAX(0,IFERROR(E91+0,0)+IFERROR(F91+0,0)-IFERROR(G91+0,0)))) | J91: =IF(OR(B91="",H91=0),"-",RANK.EQ(H91,$H$90:$H$97,0))
A92: 3 | H92: =IF(OR(I92="G",I92="D"),0,IF(AND(E92="",F92=""),0,MAX(0,IFERROR(E92+0,0)+IFERROR(F92+0,0)-IFERROR(G92+0,0)))) | J92: =IF(OR(B92="",H92=0),"-",RANK.EQ(H92,$H$90:$H$97,0))
A93: 4 | H93: =IF(OR(I93="G",I93="D"),0,IF(AND(E93="",F93=""),0,MAX(0,IFERROR(E93+0,0)+IFERROR(F93+0,0)-IFERROR(G93+0,0)))) | J93: =IF(OR(B93="",H93=0),"-",RANK.EQ(H93,$H$90:$H$97,0))
A94: 5 | H94: =IF(OR(I94="G",I94="D"),0,IF(AND(E94="",F94=""),0,MAX(0,IFERROR(E94+0,0)+IFERROR(F94+0,0)-IFERROR(G94+0,0)))) | J94: =IF(OR(B94="",H94=0),"-",RANK.EQ(H94,$H$90:$H$97,0))
A95: 6 | H95: =IF(OR(I95="G",I95="D"),0,IF(AND(E95="",F95=""),0,MAX(0,IFERROR(E95+0,0)+IFERROR(F95+0,0)-IFERROR(G95+0,0)))) | J95: =IF(OR(B95="",H95=0),"-",RANK.EQ(H95,$H$90:$H$97,0))
A96: 7 | H96: =IF(OR(I96="G",I96="D"),0,IF(AND(E96="",F96=""),0,MAX(0,IFERROR(E96+0,0)+IFERROR(F96+0,0)-IFERROR(G96+0,0)))) | J96: =IF(OR(B96="",H96=0),"-",RANK.EQ(H96,$H$90:$H$97,0))
A97: 8 | H97: =IF(OR(I97="G",I97="D"),0,IF(AND(E97="",F97=""),0,MAX(0,IFERROR(E97+0,0)+IFERROR(F97+0,0)-IFERROR(G97+0,0)))) | J97: =IF(OR(B97="",H97=0),"-",RANK.EQ(H97,$H$90:$H$97,0))
A100: ATLAMA (VT) — KÜÇÜK KIZLAR
A101: Eleme Sırası | B101: Ad | C101: Soyad | D101: Okul / Kulüp | E101: D | F101: E | G101: ND | H101: FİNAL | I101: Dur | J101: FİN.SIRA
A102: 1 | H102: =IF(OR(I102="G",I102="D"),0,IF(AND(E102="",F102=""),0,MAX(0,IFERROR(E102+0,0)+IFERROR(F102+0,0)-IFERROR(G102+0,0)))) | J102: =IF(OR(B102="",H102=0),"-",RANK.EQ(H102,$H$102:$H$109,0))
A103: 2 | H103: =IF(OR(I103="G",I103="D"),0,IF(AND(E103="",F103=""),0,MAX(0,IFERROR(E103+0,0)+IFERROR(F103+0,0)-IFERROR(G103+0,0)))) | J103: =IF(OR(B103="",H103=0),"-",RANK.EQ(H103,$H$102:$H$109,0))
A104: 3 | H104: =IF(OR(I104="G",I104="D"),0,IF(AND(E104="",F104=""),0,MAX(0,IFERROR(E104+0,0)+IFERROR(F104+0,0)-IFERROR(G104+0,0)))) | J104: =IF(OR(B104="",H104=0),"-",RANK.EQ(H104,$H$102:$H$109,0))
A105: 4 | H105: =IF(OR(I105="G",I105="D"),0,IF(AND(E105="",F105=""),0,MAX(0,IFERROR(E105+0,0)+IFERROR(F105+0,0)-IFERROR(G105+0,0)))) | J105: =IF(OR(B105="",H105=0),"-",RANK.EQ(H105,$H$102:$H$109,0))
A106: 5 | H106: =IF(OR(I106="G",I106="D"),0,IF(AND(E106="",F106=""),0,MAX(0,IFERROR(E106+0,0)+IFERROR(F106+0,0)-IFERROR(G106+0,0)))) | J106: =IF(OR(B106="",H106=0),"-",RANK.EQ(H106,$H$102:$H$109,0))
A107: 6 | H107: =IF(OR(I107="G",I107="D"),0,IF(AND(E107="",F107=""),0,MAX(0,IFERROR(E107+0,0)+IFERROR(F107+0,0)-IFERROR(G107+0,0)))) | J107: =IF(OR(B107="",H107=0),"-",RANK.EQ(H107,$H$102:$H$109,0))
